cycle_idx,source_file,p0_r,p3_r,p7_r,amplitude,duration_s,validated,tilt_deg,q_error_deg
0,DATA_20260429_092646.BIN,1.2299,4.1212,1.4604,4.1212,3.3330,1,1.329,1.494
1,DATA_20260429_092646.BIN,1.8331,6.0799,2.1132,6.0799,5.0380,1,0.277,0.945
2,DATA_20260429_092646.BIN,2.1132,7.2620,2.9808,7.2620,6.6330,1,3.315,3.374
3,DATA_20260429_092646.BIN,7.1001,9.6741,2.5841,9.6741,6.7980,1,9.077,9.086
4,DATA_20260429_092646.BIN,2.5841,4.4137,1.9147,4.4137,2.4640,1,2.760,3.016
5,DATA_20260429_092646.BIN,0.0964,2.5210,0.4238,2.5210,3.9600,1,1.649,1.870
6,DATA_20260429_092646.BIN,0.4238,6.0653,1.2200,6.0653,3.4430,1,2.014,2.415
7,DATA_20260429_092646.BIN,1.2200,2.9361,0.1507,2.9361,3.9050,1,2.559,2.963
8,DATA_20260429_092646.BIN,0.2425,3.4949,0.7194,3.4949,4.6310,1,1.285,3.541
9,DATA_20260429_092646.BIN,0.3687,3.9499,0.8044,3.9499,8.6460,1,0.818,2.397
10,DATA_20260429_092646.BIN,0.8044,2.7212,0.9298,2.7212,4.5980,1,1.468,1.482
11,DATA_20260429_092646.BIN,0.9298,3.5940,2.1333,3.5940,2.4640,1,1.934,1.946
12,DATA_20260429_092646.BIN,1.3406,4.4707,1.3406,4.4707,3.6850,1,1.725,1.764
13,DATA_20260429_092646.BIN,1.0489,3.6616,1.6940,3.6616,5.0820,1,1.184,1.549
14,DATA_20260429_092646.BIN,2.6417,4.6657,0.8589,4.6657,8.1950,1,3.322,3.323
15,DATA_20260429_092646.BIN,0.8589,4.2047,0.8623,4.2047,8.6020,1,0.542,1.855
16,DATA_20260429_092646.BIN,0.8623,2.5527,0.5247,2.5527,4.3450,1,0.894,2.989
17,DATA_20260429_092646.BIN,0.3064,2.8687,0.9774,2.8687,4.6750,1,0.338,2.173
18,DATA_20260429_092646.BIN,1.1035,2.7075,0.8833,2.7075,4.1690,1,1.354,1.826
19,DATA_20260429_092646.BIN,0.8833,3.9080,0.9372,3.9080,6.2480,1,1.429,1.430
20,DATA_20260429_092646.BIN,1.6766,3.6491,1.7634,3.6491,2.0130,1,1.774,2.098
21,DATA_20260429_092646.BIN,1.7634,4.7353,3.5515,4.7353,1.7270,1,1.787,1.875
22,DATA_20260429_092646.BIN,1.8532,4.2885,0.2799,4.2885,4.7960,1,2.649,2.677
23,DATA_20260429_092646.BIN,0.2799,2.2961,0.2855,2.2961,2.7500,1,0.458,1.556
24,DATA_20260429_092646.BIN,2.2972,3.9629,1.3181,3.9629,9.6580,1,2.396,2.562
25,DATA_20260429_092646.BIN,0.7625,3.9687,0.2812,3.9687,8.8550,1,0.979,2.354
26,DATA_20260429_092646.BIN,0.2812,4.0572,0.4278,4.0572,4.4330,1,1.179,1.326
27,DATA_20260429_092646.BIN,0.4278,3.3725,0.8919,3.3725,3.7070,1,0.412,1.747
28,DATA_20260429_092646.BIN,0.8919,3.0412,0.7322,3.0412,1.6500,1,1.393,1.581
29,DATA_20260429_092646.BIN,0.7322,5.2918,1.1980,5.2918,3.2560,1,0.970,1.112
30,DATA_20260429_092646.BIN,1.1980,7.5856,1.2942,7.5856,8.9650,1,1.303,3.152
31,DATA_20260429_092646.BIN,1.2942,3.4286,0.6158,3.4286,6.5450,1,1.103,2.397
32,DATA_20260429_092646.BIN,0.6158,3.7719,0.2889,3.7719,6.5340,1,0.558,2.128
33,DATA_20260429_092646.BIN,0.2889,4.5751,1.0328,4.5751,3.7840,1,0.398,1.475
34,DATA_20260429_092646.BIN,0.7783,2.5655,0.4022,2.5655,3.9930,1,0.843,1.227
35,DATA_20260429_092646.BIN,0.9730,9.3438,0.9180,9.3438,4.0260,1,0.870,0.968
36,DATA_20260429_092646.BIN,3.0067,4.1314,1.1106,4.1314,3.1460,1,3.475,3.506
37,DATA_20260429_092646.BIN,1.7812,5.1086,0.4846,5.1086,3.4870,1,2.004,2.699
38,DATA_20260429_092646.BIN,1.2233,2.6689,1.0596,2.6689,7.7770,1,1.523,1.616
39,DATA_20260429_092646.BIN,1.1108,3.4906,0.4582,3.4906,4.8290,1,0.982,2.286
40,DATA_20260429_092646.BIN,0.4582,3.3067,0.6042,3.3067,5.0160,1,1.046,1.046
41,DATA_20260429_092646.BIN,0.4473,2.7481,0.0454,2.7481,5.8410,1,0.150,0.306
42,DATA_20260429_092646.BIN,0.4314,2.9537,0.5619,2.9537,2.1780,1,0.874,1.597
43,DATA_20260429_092646.BIN,2.2349,3.5711,1.1551,3.5711,3.4870,1,2.800,2.913
44,DATA_20260429_092646.BIN,0.4692,2.9674,1.2077,2.9674,3.7400,1,0.757,0.758
45,DATA_20260429_092646.BIN,1.2077,3.7821,0.6486,3.7821,3.2670,1,1.308,2.477
46,DATA_20260429_092646.BIN,0.6486,3.2484,1.3918,3.2484,8.0300,1,0.492,1.763
47,DATA_20260429_092646.BIN,1.6394,2.8734,1.4703,2.8734,2.4750,1,1.614,2.130
48,DATA_20260429_092646.BIN,0.3204,3.3304,0.5324,3.3304,1.6720,1,0.316,1.171
49,DATA_20260429_092646.BIN,1.0831,2.5885,0.1527,2.5885,7.7770,1,1.349,1.589
50,DATA_20260429_092646.BIN,0.1527,2.0236,0.2947,2.0236,7.0180,1,0.319,0.468
51,DATA_20260429_092646.BIN,0.4446,2.3828,0.4151,2.3828,2.2990,1,0.230,0.635
52,DATA_20260429_092646.BIN,1.7146,4.9196,0.1390,4.9196,2.3540,1,1.717,2.462
53,DATA_20260429_092646.BIN,0.6599,2.4335,0.2399,2.4335,2.3430,1,1.199,1.221
54,DATA_20260429_092646.BIN,0.2399,3.7575,0.4322,3.7575,8.8660,1,0.645,1.782
55,DATA_20260429_092646.BIN,0.6482,2.9812,1.2961,2.9812,9.9220,1,1.067,1.101
56,DATA_20260429_092646.BIN,1.2961,3.7185,1.4583,3.7185,5.3790,1,1.760,2.603
57,DATA_20260429_092646.BIN,1.9633,3.4947,1.3031,3.4947,5.4120,1,2.343,3.308
58,DATA_20260429_092646.BIN,1.0634,3.5870,0.5456,3.5870,6.9630,1,1.074,1.652
59,DATA_20260429_092646.BIN,0.5456,3.3319,0.6210,3.3319,2.4640,1,0.724,1.223
60,DATA_20260429_092646.BIN,0.6210,6.0269,1.8147,6.0269,9.2840,1,0.545,0.772
61,DATA_20260429_092646.BIN,0.3142,5.5270,0.7009,5.5270,6.6220,1,0.199,0.251
62,DATA_20260429_092646.BIN,1.7243,3.5680,1.1192,3.5680,7.1940,1,1.702,1.911
63,DATA_20260429_092646.BIN,0.5629,2.9903,0.5670,2.9903,3.7070,1,0.852,1.139
64,DATA_20260429_092646.BIN,0.5670,4.7603,0.4371,4.7603,7.9530,1,0.346,0.753
65,DATA_20260429_092646.BIN,0.1864,1.8758,0.3048,1.8758,8.9430,1,0.590,0.993
66,DATA_20260429_092646.BIN,0.4425,4.2966,1.5499,4.2966,5.5110,1,0.296,1.434
67,DATA_20260429_092646.BIN,0.1135,5.1389,1.3749,5.1389,8.5800,1,0.188,2.335
68,DATA_20260429_092646.BIN,1.3749,4.4881,0.4225,4.4881,8.7120,1,1.407,1.424
69,DATA_20260429_092646.BIN,0.4225,2.5083,0.9228,2.5083,5.5990,1,0.829,1.285
70,DATA_20260429_092646.BIN,0.9228,2.1768,0.6480,2.1768,2.8050,1,1.407,1.649
71,DATA_20260429_092646.BIN,0.6480,2.8758,0.5879,2.8758,3.1790,1,0.661,1.353
72,DATA_20260429_092646.BIN,0.5879,5.6837,2.2109,5.6837,7.0510,1,0.683,1.256
73,DATA_20260429_092646.BIN,0.2854,3.2142,1.1021,3.2142,9.3390,1,0.193,0.618
74,DATA_20260429_092646.BIN,0.7065,2.7607,0.7883,2.7607,3.6740,1,0.646,0.716
75,DATA_20260429_092646.BIN,0.7883,4.7752,1.3132,4.7752,5.5220,1,0.617,1.627
76,DATA_20260429_092646.BIN,1.3132,4.9427,3.1357,4.9427,3.6080,1,1.204,1.204
77,DATA_20260429_092646.BIN,3.1357,4.9942,2.2253,4.9942,3.0800,1,3.319,3.567
78,DATA_20260429_092646.BIN,2.2253,4.4387,1.4848,4.4387,1.9910,1,1.897,2.979
79,DATA_20260429_092646.BIN,1.4848,4.5483,0.7311,4.5483,4.2350,1,1.393,1.441
80,DATA_20260429_092646.BIN,0.5329,3.4770,1.0361,3.4770,3.0140,1,0.405,1.083
81,DATA_20260429_092646.BIN,0.7159,2.9983,1.3664,2.9983,1.7160,1,0.383,2.646
82,DATA_20260429_092646.BIN,1.3664,2.9908,0.7940,2.9908,1.2650,1,2.444,3.629
83,DATA_20260429_092646.BIN,0.7940,3.3604,1.1183,3.3604,1.4190,1,0.223,0.293
84,DATA_20260429_092646.BIN,1.1183,3.3999,1.7484,3.3999,1.2100,1,0.775,0.850
85,DATA_20260429_092646.BIN,1.7484,5.1893,2.6826,5.1893,1.3530,1,1.467,1.927
86,DATA_20260429_092646.BIN,0.5578,4.2371,0.4922,4.2371,9.1850,1,0.772,0.951
87,DATA_20260429_092646.BIN,0.4922,2.3068,0.5954,2.3068,4.6200,1,1.198,4.484
88,DATA_20260429_092646.BIN,0.5954,4.4070,1.9750,4.4070,7.0730,1,0.196,1.632
89,DATA_20260429_092646.BIN,0.3967,3.8529,0.9088,3.8529,4.5980,1,0.307,1.594
90,DATA_20260429_092646.BIN,0.4861,3.0539,0.2237,3.0539,2.8710,1,1.057,1.745
91,DATA_20260429_092646.BIN,0.2237,4.0861,1.1857,4.0861,2.3540,1,0.366,0.366
92,DATA_20260429_092646.BIN,1.1857,4.9921,1.3652,4.9921,8.0630,1,0.816,1.927
93,DATA_20260429_092646.BIN,1.3652,3.5517,1.2707,3.5517,4.5870,1,1.836,1.872
94,DATA_20260429_092646.BIN,1.2707,2.7084,1.3176,2.7084,3.3990,1,0.990,1.025
95,DATA_20260429_092646.BIN,1.4216,3.1685,0.6051,3.1685,2.8600,1,1.047,1.353
96,DATA_20260429_092646.BIN,1.6105,5.2707,1.0890,5.2707,9.3390,1,1.854,2.244
97,DATA_20260429_092646.BIN,1.0890,3.3368,1.1069,3.3368,1.7710,1,0.592,1.232
98,DATA_20260429_092646.BIN,1.7531,4.0498,2.7938,4.0498,2.4860,1,1.313,2.153
99,DATA_20260429_092646.BIN,2.7938,3.9372,2.3024,3.9372,6.0610,1,2.413,2.713
100,DATA_20260429_092646.BIN,2.3024,6.0259,3.8035,6.0259,8.8440,1,1.635,2.520
101,DATA_20260429_092646.BIN,3.8035,7.0971,4.0572,7.0971,2.9480,1,4.237,4.237
102,DATA_20260429_092646.BIN,3.1199,5.0125,2.3583,5.0125,1.3640,1,2.356,2.608
103,DATA_20260429_092646.BIN,1.8096,6.1583,2.8283,6.1583,9.0200,1,0.558,1.479
104,DATA_20260429_092646.BIN,2.8283,5.1305,3.1988,5.1305,5.1260,1,1.849,2.089
105,DATA_20260429_092646.BIN,3.1988,5.0294,4.0430,5.0294,2.6400,1,2.264,4.930
106,DATA_20260429_092646.BIN,4.0430,5.5855,1.9330,5.5855,1.6390,1,3.193,3.489
107,DATA_20260429_092646.BIN,1.9330,6.2899,3.9674,6.2899,4.4770,1,0.936,1.003
108,DATA_20260429_092646.BIN,3.9674,6.2418,1.5923,6.2418,4.6860,1,2.831,2.934
109,DATA_20260429_092646.BIN,1.5923,6.2304,3.5199,6.2304,6.6440,1,0.999,1.741
110,DATA_20260429_092646.BIN,3.5199,5.0690,3.2923,5.0690,2.1450,1,1.738,2.235
111,DATA_20260429_092646.BIN,3.2923,5.4549,3.5089,5.4549,2.4090,1,1.531,1.549
112,DATA_20260429_092646.BIN,3.0575,6.2510,3.5173,6.2510,3.3220,1,1.081,1.861
113,DATA_20260429_092646.BIN,3.5173,7.6764,4.0246,7.6764,2.1780,1,1.530,1.549
114,DATA_20260429_092646.BIN,4.0246,6.0305,2.8017,6.0305,1.8480,1,2.111,2.454
115,DATA_20260429_092646.BIN,3.1525,5.6222,3.7423,5.6222,9.7460,1,0.775,0.777
116,DATA_20260429_092646.BIN,3.7423,5.8877,3.7758,5.8877,4.3560,1,1.885,3.733
117,DATA_20260429_092646.BIN,3.8054,5.4833,2.7305,5.4833,4.5980,1,1.349,1.663
118,DATA_20260429_092646.BIN,2.7305,8.5427,5.3075,8.5427,8.2940,1,2.090,2.097
119,DATA_20260429_092646.BIN,5.3075,10.2595,6.5190,10.2595,2.8710,1,3.346,3.859
120,DATA_20260429_092646.BIN,6.2998,9.6625,6.2647,9.6625,2.2660,1,3.751,4.472
121,DATA_20260429_092646.BIN,4.9554,7.5965,5.4356,7.5965,7.3590,1,2.185,2.506
122,DATA_20260429_092646.BIN,4.7110,8.7339,5.6510,8.7339,2.5740,1,2.322,2.496
123,DATA_20260429_092646.BIN,5.6510,7.3231,5.8512,7.3231,1.2430,1,2.344,3.140
124,DATA_20260429_092646.BIN,5.8512,6.3752,6.4328,6.4328,1.2540,1,2.807,3.748
125,DATA_20260429_092646.BIN,6.4328,7.3362,4.7361,7.3362,1.4080,1,2.835,3.310
126,DATA_20260429_092646.BIN,4.7361,7.2962,4.1791,7.2962,1.4190,1,0.918,1.347
127,DATA_20260429_092646.BIN,2.3387,4.9017,2.9523,4.9017,3.0030,1,2.322,2.434
128,DATA_20260429_092646.BIN,2.9523,7.9691,5.2481,7.9691,3.1240,1,3.398,3.838
129,DATA_20260429_092646.BIN,5.2481,6.8437,3.8960,6.8437,6.8420,1,1.656,2.113
130,DATA_20260429_092646.BIN,3.8960,6.1166,4.1672,6.1166,2.9260,1,1.704,1.791
131,DATA_20260429_092646.BIN,2.8542,7.2386,4.5053,7.2386,4.8510,1,2.985,3.157
132,DATA_20260429_092646.BIN,4.5053,6.6549,3.6005,6.6549,1.8370,1,0.270,2.191
133,DATA_20260429_092646.BIN,3.6005,6.9867,3.4397,6.9867,2.9150,1,0.188,3.491
134,DATA_20260429_092646.BIN,3.4397,7.5524,2.8853,7.5524,6.7540,1,0.704,1.826
135,DATA_20260429_092646.BIN,3.9655,8.8386,7.0984,8.8386,3.0690,1,3.483,4.052
136,DATA_20260429_092646.BIN,7.0984,12.3857,4.3173,12.3857,4.4440,1,4.851,4.915
137,DATA_20260429_092646.BIN,4.6690,7.1639,4.2530,7.1639,8.4810,1,1.102,2.235
138,DATA_20260429_092646.BIN,4.0581,6.6619,4.1300,6.6619,3.5750,1,0.936,1.873
139,DATA_20260429_092646.BIN,4.0964,6.4954,5.1083,6.4954,1.2100,1,3.347,3.653
140,DATA_20260429_100000.BIN,0.8453,3.7963,0.3458,3.7963,3.2230,1,3.417,5.038
141,DATA_20260429_100000.BIN,0.3458,2.5759,0.9007,2.5759,2.0900,1,3.642,3.890
142,DATA_20260429_100000.BIN,0.9007,4.3030,0.8522,4.3030,4.1800,1,3.044,3.242
143,DATA_20260429_100000.BIN,0.8522,3.6523,1.1031,3.6523,4.2680,1,3.491,5.280
144,DATA_20260429_100000.BIN,1.1031,4.9417,0.4925,4.9417,3.0690,1,4.252,4.400
145,DATA_20260429_100000.BIN,0.4925,2.1756,0.1400,2.1756,2.2990,1,2.521,3.663
146,DATA_20260429_100000.BIN,1.2129,3.1797,1.8608,3.1797,6.1930,1,1.383,4.962
147,DATA_20260429_100000.BIN,1.8608,3.1342,2.0569,3.1342,2.4640,1,1.547,3.442
148,DATA_20260429_100000.BIN,2.0569,4.1525,1.2206,4.1525,1.5840,1,4.093,4.221
149,DATA_20260429_100000.BIN,1.2206,3.5505,0.6282,3.5505,1.9470,1,3.109,3.114
150,DATA_20260429_100000.BIN,0.6282,2.7993,0.1981,2.7993,1.8810,1,2.089,2.491
151,DATA_20260429_100000.BIN,0.1981,7.9773,0.7159,7.9773,9.2620,1,1.402,1.406
152,DATA_20260429_100000.BIN,0.7159,3.8319,1.9789,3.8319,2.8270,1,0.434,1.741
153,DATA_20260429_100000.BIN,1.9789,3.1538,1.6923,3.1538,4.5320,1,1.340,1.406
154,DATA_20260429_100000.BIN,1.6923,4.5279,1.0166,4.5279,2.4640,1,2.035,4.085
155,DATA_20260429_100000.BIN,0.5802,1.7465,0.3824,1.7465,2.1230,1,1.717,1.718
156,DATA_20260429_100000.BIN,0.3824,3.5897,2.3645,3.5897,1.6940,1,1.387,2.457
157,DATA_20260429_100000.BIN,0.7662,4.1835,2.8181,4.1835,8.8220,1,1.794,2.452
158,DATA_20260429_100000.BIN,2.8181,4.5071,0.6902,4.5071,4.2240,1,3.909,3.942
159,DATA_20260429_100000.BIN,0.6902,3.9665,1.1909,3.9665,1.3090,1,1.142,1.999
160,DATA_20260429_100000.BIN,1.1909,5.6926,3.9755,5.6926,2.1890,1,1.699,1.699
161,DATA_20260429_100000.BIN,1.8577,6.0311,2.7719,6.0311,1.9690,1,2.177,2.421
162,DATA_20260429_100000.BIN,1.0169,5.8419,2.5780,5.8419,3.3000,1,1.503,2.105
163,DATA_20260429_100000.BIN,2.5780,4.2806,1.0300,4.2806,2.2110,1,2.932,4.210
164,DATA_20260429_100000.BIN,1.0300,3.1719,1.5282,3.1719,2.2550,1,1.138,1.140
165,DATA_20260429_100000.BIN,0.6618,2.0014,1.2964,2.0014,4.5540,1,0.570,0.624
166,DATA_20260429_100000.BIN,1.2964,3.3316,1.5942,3.3316,1.3640,1,1.112,1.231
167,DATA_20260429_100000.BIN,1.5942,3.8477,0.3232,3.8477,2.3540,1,1.312,1.345
168,DATA_20260429_100000.BIN,0.3232,2.4156,0.3119,2.4156,1.2980,1,0.365,2.078
169,DATA_20260429_100000.BIN,0.3119,2.1552,0.7879,2.1552,4.6420,1,1.006,1.447
170,DATA_20260429_100000.BIN,1.8649,2.7400,0.7035,2.7400,1.7050,1,2.454,2.766
171,DATA_20260429_100000.BIN,0.7035,2.6737,0.4048,2.6737,2.0240,1,0.562,0.768
172,DATA_20260429_100000.BIN,0.4048,2.3696,1.4627,2.3696,1.3310,1,0.687,1.231
173,DATA_20260429_100000.BIN,1.4627,3.4869,1.1076,3.4869,4.4000,1,1.405,1.434
174,DATA_20260429_100000.BIN,1.1076,3.4369,1.1551,3.4369,2.3980,1,1.625,2.283
175,DATA_20260429_100000.BIN,1.1551,2.7165,1.0905,2.7165,1.9470,1,1.443,1.478
176,DATA_20260429_100000.BIN,1.0905,3.6856,0.9801,3.6856,4.3560,1,1.343,1.492
177,DATA_20260429_100000.BIN,0.9801,3.4429,1.4773,3.4429,2.2550,1,0.889,1.026
178,DATA_20260429_100000.BIN,3.0226,5.9421,2.2185,5.9421,2.2440,1,3.638,3.836
179,DATA_20260429_100000.BIN,2.2185,3.7023,1.1838,3.7023,7.0840,1,2.238,2.458
180,DATA_20260429_100000.BIN,1.1838,3.6694,0.2899,3.6694,1.9250,1,0.822,0.924
181,DATA_20260429_100000.BIN,0.4903,3.3596,0.3979,3.3596,2.6840,1,1.186,2.387
182,DATA_20260429_100000.BIN,0.6350,3.7027,0.6521,3.7027,5.3350,1,0.476,0.781
183,DATA_20260429_100000.BIN,0.6521,2.4812,0.2013,2.4812,3.1570,1,0.944,0.950
184,DATA_20260429_100000.BIN,1.2524,2.7957,0.8780,2.7957,5.6870,1,0.908,1.441
185,DATA_20260429_100000.BIN,0.8780,1.8749,0.8734,1.8749,3.1680,1,0.519,1.688
186,DATA_20260429_100000.BIN,0.4923,3.9540,0.6653,3.9540,6.4570,1,1.162,1.660
187,DATA_20260429_100000.BIN,0.6653,2.7330,1.2650,2.7330,2.6290,1,0.447,0.453
188,DATA_20260429_100000.BIN,1.2650,4.4330,1.9460,4.4330,2.1780,1,1.769,2.791
189,DATA_20260429_100000.BIN,0.5022,3.0788,0.5209,3.0788,3.4430,1,0.542,0.891
190,DATA_20260429_100000.BIN,0.5209,4.0602,1.1260,4.0602,3.0360,1,0.829,1.920
191,DATA_20260429_100000.BIN,0.6057,3.4858,0.5417,3.4858,3.3330,1,0.712,1.431
192,DATA_20260429_100000.BIN,0.5417,2.2130,0.5066,2.2130,6.5560,1,0.389,2.333
193,DATA_20260429_100000.BIN,0.5066,2.2165,0.1132,2.2165,3.8720,1,0.863,0.892
194,DATA_20260429_100000.BIN,0.1132,3.2268,1.1517,3.2268,5.0820,1,0.154,1.765
195,DATA_20260429_100000.BIN,0.3127,2.5272,0.4002,2.5272,6.3580,1,0.094,0.588
196,DATA_20260429_100000.BIN,0.4002,2.0513,0.5678,2.0513,6.3470,1,0.730,1.122
197,DATA_20260429_100000.BIN,0.5678,3.0844,0.4131,3.0844,9.5150,1,0.699,1.351
198,DATA_20260429_100000.BIN,0.4131,2.4940,0.4430,2.4940,1.5840,1,0.316,2.675
199,DATA_20260429_100000.BIN,0.4430,4.1425,1.8930,4.1425,9.4930,1,0.701,1.293
200,DATA_20260429_100000.BIN,1.8930,6.1208,0.7196,6.1208,5.7970,1,2.334,3.015
201,DATA_20260429_100000.BIN,0.7196,3.8723,0.6779,3.8723,5.1920,1,0.885,0.976
202,DATA_20260429_100000.BIN,0.6779,3.3268,0.5399,3.3268,3.6960,1,0.646,2.890
203,DATA_20260429_100000.BIN,0.5399,5.8067,0.8913,5.8067,4.1690,1,0.571,0.767
204,DATA_20260429_100000.BIN,0.8913,3.5190,1.1207,3.5190,5.3460,1,0.878,0.880
205,DATA_20260429_100000.BIN,1.1207,3.5612,0.5159,3.5612,3.2340,1,1.081,1.299
206,DATA_20260429_100000.BIN,0.0749,2.8430,0.4197,2.8430,1.0340,1,0.390,2.536
207,DATA_20260429_130501.BIN,10.2399,12.5029,10.2866,12.5029,2.0570,1,4.257,4.515
208,DATA_20260429_130501.BIN,10.2866,13.3836,9.5473,13.3836,3.2780,1,2.746,2.835
209,DATA_20260429_130501.BIN,9.5473,14.0876,7.6539,14.0876,3.0140,1,1.858,1.936
210,DATA_20260429_130501.BIN,7.6539,10.4341,8.2128,10.4341,1.8480,1,3.510,3.712
211,DATA_20260429_130501.BIN,8.0795,9.5431,7.2866,9.5431,3.3330,1,2.401,3.875
212,DATA_20260429_130501.BIN,7.2866,10.4059,7.4144,10.4059,1.3530,1,2.645,2.692
213,DATA_20260429_130501.BIN,7.4144,9.9792,6.9927,9.9792,1.3310,1,2.504,3.087
214,DATA_20260429_130501.BIN,6.9927,8.6911,6.7075,8.6911,1.2540,1,2.774,3.641
215,DATA_20260429_130501.BIN,6.7075,8.6719,6.8251,8.6719,2.5410,1,3.351,4.179
216,DATA_20260429_130501.BIN,6.6895,8.8212,6.3011,8.8212,2.0900,1,3.047,3.143
217,DATA_20260429_130501.BIN,6.3011,8.5805,7.0377,8.5805,1.3200,1,2.715,3.301
218,DATA_20260429_130501.BIN,7.0377,8.6126,6.6892,8.6126,3.1460,1,1.566,2.566
219,DATA_20260429_130501.BIN,6.6892,8.8550,5.6729,8.8550,2.5410,1,2.696,2.728
220,DATA_20260429_130501.BIN,8.0841,11.0673,7.4267,11.0673,2.5850,1,0.944,1.874
221,DATA_20260429_130501.BIN,7.4267,10.1439,4.8812,10.1439,2.1340,1,1.300,1.904
222,DATA_20260429_130501.BIN,0.9679,5.8125,1.0999,5.8125,2.8160,1,9.966,9.971
223,DATA_20260429_130501.BIN,4.9620,7.8405,2.4841,7.8405,3.5640,1,5.369,6.429
224,DATA_20260429_130501.BIN,2.4841,4.9150,2.7041,4.9150,1.8920,1,5.273,6.012
225,DATA_20260429_130501.BIN,2.7041,3.9508,1.2094,3.9508,2.7500,1,4.336,5.715
226,DATA_20260429_130501.BIN,1.8176,10.4951,2.0130,10.4951,3.3770,1,5.326,5.541
227,DATA_20260429_130501.BIN,2.0130,5.6258,1.2171,5.6258,1.3200,1,4.044,4.401
228,DATA_20260429_130501.BIN,1.2971,3.6746,1.6655,3.6746,3.1900,1,4.533,4.536
229,DATA_20260429_130501.BIN,1.5845,7.1700,4.5944,7.1700,3.4320,1,3.851,4.489
230,DATA_20260429_130501.BIN,3.3280,5.1874,1.5783,5.1874,2.2770,1,1.314,1.637
231,DATA_20260429_130501.BIN,1.6790,4.9825,2.9018,4.9825,1.0890,1,4.043,4.077
232,DATA_20260429_130501.BIN,4.8074,10.7835,1.8757,10.7835,3.4100,1,4.181,4.286
233,DATA_20260429_130501.BIN,1.8757,4.9528,2.2554,4.9528,1.2100,1,2.871,3.690
234,DATA_20260429_130501.BIN,2.2554,7.2890,1.8339,7.2890,3.3990,1,2.212,2.613
235,DATA_20260429_130501.BIN,1.8339,2.6709,0.5450,2.6709,1.0780,1,5.940,6.118
236,DATA_20260429_130501.BIN,0.5450,14.3959,2.7249,14.3959,8.9870,1,3.105,3.344
237,DATA_20260429_130501.BIN,2.7249,4.7567,3.3155,4.7567,2.6730,1,2.039,2.756
238,DATA_20260429_130501.BIN,0.2083,3.2611,0.4268,3.2611,1.9910,1,3.087,3.919
239,DATA_20260429_130501.BIN,0.2090,3.7629,0.8463,3.7629,8.7670,1,2.817,3.494
240,DATA_20260429_130501.BIN,0.8463,2.6821,1.1485,2.6821,7.3260,1,2.246,2.341
241,DATA_20260429_130501.BIN,1.7803,3.1575,1.3987,3.1575,6.3690,1,1.426,1.823
242,DATA_20260429_130501.BIN,1.3987,2.8637,1.6882,2.8637,4.7630,1,1.581,2.244
243,DATA_20260429_130501.BIN,1.3141,3.3626,1.4351,3.3626,9.4270,1,2.029,2.221
244,DATA_20260429_130501.BIN,0.9364,2.9877,1.0967,2.9877,2.1340,1,1.795,1.853
245,DATA_20260429_130501.BIN,1.0967,2.5420,0.9851,2.5420,1.8920,1,1.041,2.708
246,DATA_20260429_130501.BIN,0.9851,1.9178,0.3090,1.9178,2.2550,1,0.772,2.674
247,DATA_20260429_130501.BIN,0.3090,4.1775,0.3337,4.1775,6.9300,1,1.591,2.524
248,DATA_20260429_130501.BIN,0.3337,4.5161,1.2302,4.5161,2.0680,1,1.814,1.818
249,DATA_20260429_130501.BIN,0.1505,3.0140,0.9547,3.0140,2.9590,1,1.507,1.581
250,DATA_20260429_130501.BIN,0.7560,5.2307,3.3041,5.2307,5.3680,1,1.442,1.591
251,DATA_20260429_130501.BIN,2.2031,3.7181,1.1498,3.7181,2.3210,1,4.119,4.305
252,DATA_20260429_130501.BIN,1.1498,3.1124,1.3840,3.1124,3.3110,1,2.292,3.334
253,DATA_20260429_130501.BIN,0.4880,4.6871,3.2938,4.6871,2.8930,1,0.778,1.988
254,DATA_20260429_130501.BIN,3.2938,6.2701,0.5931,6.2701,2.2330,1,4.135,4.516
255,DATA_20260429_130501.BIN,0.5931,5.0757,0.6807,5.0757,2.4970,1,0.400,0.986
256,DATA_20260429_130501.BIN,2.2671,2.9201,0.6522,2.9201,1.2870,1,3.455,3.458
257,DATA_20260429_130501.BIN,0.6522,3.4066,0.1864,3.4066,2.5850,1,0.884,0.981
258,DATA_20260429_130501.BIN,4.0519,6.6534,2.8211,6.6534,3.7290,1,4.993,5.267
259,DATA_20260429_130501.BIN,2.4849,4.1149,1.7856,4.1149,4.0590,1,2.635,2.765
260,DATA_20260429_130501.BIN,1.7856,4.5276,1.4880,4.5276,7.2270,1,2.250,2.417
261,DATA_20260429_130501.BIN,1.4880,3.9906,1.5419,3.9906,2.8930,1,2.143,2.553
262,DATA_20260429_130501.BIN,1.5419,12.3224,9.6808,12.3224,3.4650,1,2.359,2.928
263,DATA_20260429_130501.BIN,3.7379,4.9737,2.0877,4.9737,3.6080,1,4.299,4.330
264,DATA_20260429_130501.BIN,2.0877,3.7938,1.4169,3.7938,1.9250,1,2.046,3.768
265,DATA_20260429_130501.BIN,0.8775,2.4757,0.6065,2.4757,1.6280,1,0.350,0.742
266,DATA_20260429_130501.BIN,0.6065,2.3188,0.2899,2.3188,1.8700,1,0.785,1.779
267,DATA_20260429_130501.BIN,0.2899,2.5241,0.5686,2.5241,3.3000,1,0.337,3.243
268,DATA_20260429_130501.BIN,0.5686,5.0184,1.0953,5.0184,2.1120,1,0.981,1.577
269,DATA_20260429_130501.BIN,1.0953,5.1074,0.4121,5.1074,2.7830,1,0.988,1.044
270,DATA_20260429_130501.BIN,0.4121,3.6055,1.2171,3.6055,1.5070,1,1.058,3.441
271,DATA_20260429_130501.BIN,1.2171,3.5901,0.1392,3.5901,3.3220,1,1.964,2.041
272,DATA_20260429_130501.BIN,0.3456,2.9887,0.4996,2.9887,2.6070,1,0.961,1.773
273,DATA_20260429_130501.BIN,0.4996,2.6267,0.4943,2.6267,2.0900,1,0.922,1.986
274,DATA_20260429_130501.BIN,0.4943,2.3649,0.6158,2.3649,2.8050,1,0.617,2.051
275,DATA_20260429_130501.BIN,0.6158,3.1193,0.2214,3.1193,3.3330,1,0.149,0.981
276,DATA_20260429_130501.BIN,0.1511,1.9213,0.4698,1.9213,4.2790,1,0.616,0.664
277,DATA_20260429_130501.BIN,0.4698,2.7102,1.5162,2.7102,2.3650,1,0.491,2.978
278,DATA_20260429_130501.BIN,1.5162,2.7472,0.8138,2.7472,1.2980,1,1.489,1.491
279,DATA_20260429_130501.BIN,0.8138,1.9950,1.1146,1.9950,1.9580,1,0.879,1.569
280,DATA_20260429_130501.BIN,1.0360,2.9478,0.7043,2.9478,1.9140,1,1.305,1.677
281,DATA_20260429_130501.BIN,0.5301,2.7969,0.3489,2.7969,1.3750,1,0.412,0.533
282,DATA_20260429_130501.BIN,0.3489,2.1151,0.6411,2.1151,1.3420,1,0.867,1.248
283,DATA_20260429_130501.BIN,0.6411,2.6452,0.8222,2.6452,1.3530,1,0.587,1.734
284,DATA_20260429_130501.BIN,0.4445,2.9999,0.6135,2.9999,1.6720,1,0.674,0.757
285,DATA_20260429_130501.BIN,1.1470,6.1686,0.9714,6.1686,8.3490,1,1.716,2.602
286,DATA_20260429_130501.BIN,0.4073,2.7604,0.2221,2.7604,2.3760,1,0.264,2.669
287,DATA_20260429_130501.BIN,1.2134,2.8985,0.5288,2.8985,1.2320,1,1.622,1.623
288,DATA_20260429_130501.BIN,0.5007,3.7238,0.7517,3.7238,4.1140,1,0.779,2.791
289,DATA_20260429_130501.BIN,1.4532,3.0988,0.5780,3.0988,4.1580,1,1.883,1.889
290,DATA_20260429_130501.BIN,0.2110,4.8269,0.7177,4.8269,8.5690,1,0.458,1.797
291,DATA_20260429_130501.BIN,0.7177,3.0034,0.7518,3.0034,2.8380,1,0.795,0.797
292,DATA_20260429_130501.BIN,0.9589,3.1681,0.2680,3.1681,7.1390,1,0.729,1.537
293,DATA_20260429_130501.BIN,0.2680,2.9072,1.7860,2.9072,1.2210,1,0.486,2.853
294,DATA_20260429_130501.BIN,1.7860,3.1531,0.3796,3.1531,5.2470,1,1.862,1.864
295,DATA_20260429_130501.BIN,0.3796,2.7739,0.2566,2.7739,4.0810,1,1.260,2.277
296,DATA_20260429_130501.BIN,0.4944,3.0514,0.3465,3.0514,3.9710,1,1.027,1.194
297,DATA_20260429_130501.BIN,0.5822,2.5069,1.5195,2.5069,2.6180,1,0.521,0.617
298,DATA_20260429_130501.BIN,1.5195,3.2922,0.2935,3.2922,5.4670,1,1.314,1.658
299,DATA_20260429_130501.BIN,0.2935,2.3386,1.9354,2.3386,1.3750,1,0.575,0.585
300,DATA_20260429_130501.BIN,1.9354,2.8129,1.7885,2.8129,2.6730,1,2.074,2.169
301,DATA_20260429_130501.BIN,1.0590,2.6693,0.8531,2.6693,4.7630,1,0.572,0.720
302,DATA_20260429_130501.BIN,1.2631,3.9020,1.4249,3.9020,3.9820,1,0.931,0.964
303,DATA_20260429_130501.BIN,1.4249,2.5217,1.3125,2.5217,1.2540,1,1.055,1.278
304,DATA_20260429_130501.BIN,1.3125,2.7425,1.0910,2.7425,4.9720,1,1.056,1.403
305,DATA_20260429_130501.BIN,1.6514,3.3624,1.7395,3.3624,3.2890,1,1.073,1.097
306,DATA_20260429_130501.BIN,1.7395,3.9336,1.5796,3.9336,2.5080,1,1.122,1.125
307,DATA_20260429_130501.BIN,1.5796,3.3212,2.9533,3.3212,1.3640,1,0.872,1.060
308,DATA_20260429_130501.BIN,1.2600,2.6568,1.4250,2.6568,1.2980,1,0.582,0.683
309,DATA_20260429_130501.BIN,1.0495,3.8172,0.8217,3.8172,2.6290,1,2.245,3.094
310,DATA_20260429_130501.BIN,0.8217,2.4393,1.6487,2.4393,2.6070,1,0.574,2.524
311,DATA_20260429_130501.BIN,1.6487,3.9806,2.6875,3.9806,2.9260,1,1.066,1.260
312,DATA_20260429_165435.BIN,4.5028,6.2289,2.9437,6.2289,2.8930,1,1.719,2.726
313,DATA_20260429_165435.BIN,2.9437,6.4588,3.4529,6.4588,1.7160,1,2.082,3.843
314,DATA_20260429_165435.BIN,3.4529,7.0377,2.8434,7.0377,1.3090,1,2.486,2.624
315,DATA_20260429_165435.BIN,2.8434,4.5430,2.9523,4.5430,1.5510,1,1.633,2.399
316,DATA_20260429_165435.BIN,2.9523,4.8885,3.2149,4.8885,1.4960,1,1.613,2.731
317,DATA_20260429_165435.BIN,3.2149,5.0312,2.6917,5.0312,1.5620,1,1.386,2.594
318,DATA_20260429_165435.BIN,2.6917,4.5338,2.6749,4.5338,1.3200,1,0.868,1.828
319,DATA_20260429_165435.BIN,2.6749,4.2684,3.0092,4.2684,1.3750,1,1.800,1.883
320,DATA_20260429_165435.BIN,2.1686,3.5362,0.3542,3.5362,7.7770,1,1.806,2.061
321,DATA_20260429_165435.BIN,0.9770,6.2920,1.1996,6.2920,3.0580,1,3.342,3.690
322,DATA_20260429_165435.BIN,1.1996,3.5265,2.1260,3.5265,2.4530,1,2.352,2.926
323,DATA_20260429_165435.BIN,0.7820,3.3837,1.5461,3.3837,4.2350,1,1.973,2.029
324,DATA_20260429_165435.BIN,1.5461,3.0803,0.8608,3.0803,1.7600,1,0.971,0.996
325,DATA_20260429_165435.BIN,1.5595,9.2623,2.5727,9.2623,5.1590,1,0.685,1.167
326,DATA_20260429_165435.BIN,1.9846,4.2922,1.4071,4.2922,1.3420,1,0.345,1.240
327,DATA_20260429_165435.BIN,1.4071,3.7303,2.2328,3.7303,1.2540,1,1.298,1.676
328,DATA_20260429_165435.BIN,2.2328,3.2757,1.0169,3.2757,1.5070,1,0.498,0.500
329,DATA_20260429_165435.BIN,1.7811,3.7216,0.9679,3.7216,3.4650,1,0.976,1.063
330,DATA_20260429_165435.BIN,1.3449,3.6991,1.6715,3.6991,1.3090,1,3.231,3.558
331,DATA_20260429_165435.BIN,1.6715,2.8663,1.4997,2.8663,1.3530,1,2.904,3.251
332,DATA_20260429_165435.BIN,1.4997,3.8460,1.8549,3.8460,1.3200,1,2.506,2.597
333,DATA_20260429_165435.BIN,1.8549,2.9716,0.4677,2.9716,1.4410,1,1.935,2.196
334,DATA_20260429_165435.BIN,0.4677,9.1765,1.1720,9.1765,6.1490,1,1.123,1.188
335,DATA_20260429_165435.BIN,1.1720,5.2307,3.2078,5.2307,2.7060,1,1.592,2.364
336,DATA_20260429_165435.BIN,3.2078,5.0642,3.0796,5.0642,1.4190,1,2.224,2.799
337,DATA_20260429_165435.BIN,3.0796,5.1197,3.3820,5.1197,3.8830,1,1.929,1.995
338,DATA_20260429_165435.BIN,3.3820,5.7316,4.0654,5.7316,2.1010,1,2.295,2.373
339,DATA_20260429_165435.BIN,4.0654,6.8629,1.0996,6.8629,4.3560,1,4.633,4.738
340,DATA_20260429_165435.BIN,1.0996,3.1673,1.1455,3.1673,1.5070,1,0.746,0.749
341,DATA_20260429_165435.BIN,1.1455,3.1772,0.8298,3.1772,1.3530,1,1.654,2.016
342,DATA_20260429_165435.BIN,0.8298,3.7851,1.8547,3.7851,1.3200,1,2.103,2.312
343,DATA_20260429_165435.BIN,0.1373,3.0308,0.1533,3.0308,1.2870,1,1.495,1.507
344,DATA_20260429_165435.BIN,0.1533,1.9763,0.7530,1.9763,1.2980,1,1.345,1.543
345,DATA_20260429_165435.BIN,0.7530,2.2607,1.1820,2.2607,1.3310,1,1.898,2.001
346,DATA_20260429_165435.BIN,1.1820,3.3746,1.5210,3.3746,1.1990,1,2.188,2.292
347,DATA_20260429_165435.BIN,1.5210,3.3595,0.5304,3.3595,3.3660,1,1.487,1.811
348,DATA_20260429_165435.BIN,0.5304,2.3469,0.8936,2.3469,2.4860,1,1.322,1.670
349,DATA_20260429_165435.BIN,0.8936,2.3025,0.4378,2.3025,2.0570,1,1.553,2.566
350,DATA_20260429_165435.BIN,0.3253,2.5840,0.2436,2.5840,2.5520,1,0.956,1.041
351,DATA_20260429_165435.BIN,0.2436,1.4171,0.4719,1.4171,2.1010,1,0.693,1.683
352,DATA_20260429_165435.BIN,0.4719,3.0932,0.9329,3.0932,3.2450,1,1.098,1.478
353,DATA_20260429_165435.BIN,0.7423,3.0175,0.6779,3.0175,2.1560,1,1.006,1.861
354,DATA_20260429_165435.BIN,0.6560,3.3795,1.4370,3.3795,1.2430,1,1.121,1.128
355,DATA_20260429_165435.BIN,4.6804,11.8299,2.9985,11.8299,6.6440,1,5.716,5.868
356,DATA_20260429_165435.BIN,2.9985,6.0617,1.2410,6.0617,4.2570,1,3.325,4.594
357,DATA_20260429_165435.BIN,1.2410,4.4556,0.7149,4.4556,5.1370,1,1.135,5.093
358,DATA_20260429_165435.BIN,0.7149,5.9591,1.6910,5.9591,4.5650,1,0.418,1.325
359,DATA_20260429_165435.BIN,1.6910,2.5491,0.4576,2.5491,1.4850,1,1.758,3.627
360,DATA_20260429_165435.BIN,0.4576,2.4598,0.2190,2.4598,1.3640,1,0.913,2.908
361,DATA_20260429_165435.BIN,0.4204,3.9026,0.5859,3.9026,4.9940,1,0.504,2.189
362,DATA_20260429_165435.BIN,0.5859,2.6144,0.7141,2.6144,5.6320,1,1.332,2.139
363,DATA_20260429_165435.BIN,0.7141,2.7742,0.4905,2.7742,6.6000,1,0.401,0.904
364,DATA_20260429_165435.BIN,0.4905,3.1480,1.9460,3.1480,2.7170,1,0.466,0.882
365,DATA_20260429_165435.BIN,1.5158,2.9882,0.8070,2.9882,1.8810,1,2.129,2.162
366,DATA_20260429_165435.BIN,0.8070,2.5349,1.0189,2.5349,5.4340,1,1.259,2.147
367,DATA_20260429_165435.BIN,1.0189,2.3230,0.2455,2.3230,6.6220,1,1.345,1.931
368,DATA_20260429_170000.BIN,1.5136,3.5515,1.6554,3.5515,1.2540,1,1.804,3.128
369,DATA_20260429_170000.BIN,1.6554,3.5445,2.4449,3.5445,1.4410,1,2.357,4.117
370,DATA_20260429_170000.BIN,2.4449,4.0137,2.6955,4.0137,1.2320,1,2.786,4.086
371,DATA_20260429_170000.BIN,2.6955,4.6013,2.8209,4.6013,1.3530,1,3.018,4.230
372,DATA_20260429_170000.BIN,1.1317,3.1542,1.2503,3.1542,1.6720,1,2.303,2.808
373,DATA_20260429_170000.BIN,0.7368,4.7154,3.8930,4.7154,5.7970,1,1.645,1.674
374,DATA_20260429_170000.BIN,3.4889,3.7807,1.4667,3.7807,1.3420,1,4.600,4.793
375,DATA_20260429_170000.BIN,1.4667,3.2922,0.8723,3.2922,1.3860,1,0.465,1.531
376,DATA_20260429_170000.BIN,1.3796,2.6258,1.0994,2.6258,1.4410,1,1.218,2.198
377,DATA_20260429_170000.BIN,1.0994,2.7409,1.2391,2.7409,1.4740,1,0.742,1.401
378,DATA_20260429_170000.BIN,1.2391,2.1892,1.0849,2.1892,1.5400,1,1.413,2.070
379,DATA_20260429_170000.BIN,2.1072,3.1226,1.7025,3.1226,1.3750,1,1.450,1.665
380,DATA_20260429_170000.BIN,1.7025,3.1567,1.4906,3.1567,1.2100,1,0.972,1.497
381,DATA_20260429_170000.BIN,1.4906,2.7246,1.0931,2.7246,1.5510,1,1.781,2.905
382,DATA_20260429_170000.BIN,0.8716,4.0094,0.4030,4.0094,1.5400,1,1.702,2.560
383,DATA_20260429_170000.BIN,0.4030,2.4716,0.6860,2.4716,6.6550,1,1.355,1.674
384,DATA_20260429_170000.BIN,0.0639,3.3556,0.9568,3.3556,4.6530,1,1.579,1.614
385,DATA_20260429_170000.BIN,0.9568,3.7837,1.4313,3.7837,1.3750,1,0.426,0.908
386,DATA_20260429_170000.BIN,1.4313,3.2509,1.9754,3.2509,1.3420,1,1.101,1.101
387,DATA_20260429_170000.BIN,1.9754,3.6004,1.0842,3.6004,2.8600,1,1.545,1.991
388,DATA_20260429_170000.BIN,0.8923,5.5381,1.2120,5.5381,4.1140,1,1.367,1.380
389,DATA_20260429_170000.BIN,1.2120,4.2747,2.0943,4.2747,1.4740,1,0.782,1.068
390,DATA_20260429_170000.BIN,2.1370,3.8433,1.9887,3.8433,1.2980,1,1.959,2.375
391,DATA_20260429_170000.BIN,1.9887,4.1859,1.6524,4.1859,1.7930,1,1.263,1.365
392,DATA_20260429_170000.BIN,1.6524,3.4957,1.1835,3.4957,3.3220,1,1.162,2.347
393,DATA_20260429_170000.BIN,1.1835,4.3076,1.8287,4.3076,1.2650,1,1.056,2.589
394,DATA_20260429_170000.BIN,1.3555,3.6787,1.1699,3.6787,1.1440,1,0.523,1.146
395,DATA_20260429_170000.BIN,1.1699,2.7490,2.4336,2.7490,1.1880,1,0.260,0.782
396,DATA_20260429_170000.BIN,2.4336,4.6196,0.8360,4.6196,1.4190,1,2.292,2.871
397,DATA_20260429_170000.BIN,0.6713,5.8999,4.1500,5.8999,2.6730,1,1.409,1.547
398,DATA_20260429_170000.BIN,4.6879,6.6359,3.1064,6.6359,6.1380,1,6.649,6.915
399,DATA_20260429_170000.BIN,1.0118,5.2840,2.6393,5.2840,4.5430,1,1.885,4.164
400,DATA_20260429_170000.BIN,2.6393,4.3580,1.8625,4.3580,5.1480,1,3.479,3.642
401,DATA_20260429_170000.BIN,1.8625,3.4657,1.0348,3.4657,1.2760,1,2.097,2.602
402,DATA_20260429_170000.BIN,1.0348,3.6310,0.4936,3.6310,2.5190,1,1.623,2.014
403,DATA_20260429_170000.BIN,0.4936,5.0500,0.7721,5.0500,3.9270,1,0.891,0.892
404,DATA_20260429_170000.BIN,0.5345,2.0912,0.5257,2.0912,2.2000,1,0.654,0.657
405,DATA_20260429_170000.BIN,0.5257,4.1878,0.8672,4.1878,4.8510,1,0.871,1.269
406,DATA_20260429_170000.BIN,0.2459,8.8967,1.7272,8.8967,4.4660,1,0.388,1.143
407,DATA_20260429_170000.BIN,2.2316,3.2441,2.0628,3.2441,2.4640,1,2.576,3.255
408,DATA_20260429_170000.BIN,2.1799,4.0055,2.1018,4.0055,3.8060,1,2.211,2.315
409,DATA_20260429_170000.BIN,2.1018,4.5226,1.5300,4.5226,9.0090,1,2.030,4.878
410,DATA_20260429_170000.BIN,1.6538,5.6714,1.9703,5.6714,5.7530,1,1.325,4.238
411,DATA_20260429_170000.BIN,3.6669,5.1317,2.7863,5.1317,3.3330,1,3.439,3.809
412,DATA_20260429_170000.BIN,2.7749,4.2487,2.8463,4.2487,1.9360,1,2.164,2.185
413,DATA_20260429_170000.BIN,0.2832,6.1177,1.6812,6.1177,8.8990,1,1.334,1.428
414,DATA_20260429_170000.BIN,1.6812,4.5371,2.3421,4.5371,5.0160,1,0.785,1.742
415,DATA_20260429_170000.BIN,0.6249,6.4267,2.6755,6.4267,3.0250,1,1.264,1.308
416,DATA_20260429_170000.BIN,1.7209,4.0264,0.4106,4.0264,3.3990,1,0.971,0.987
417,DATA_20260429_170000.BIN,0.4106,4.1077,0.1511,4.1077,2.2770,1,1.127,1.172
418,DATA_20260429_170000.BIN,0.6354,2.8485,1.1973,2.8485,1.1220,1,1.249,1.428
419,DATA_20260429_170000.BIN,1.1973,9.8547,0.5471,9.8547,7.1940,1,0.928,1.228
420,DATA_20260429_170000.BIN,0.9074,4.4061,0.6642,4.4061,4.3230,1,1.475,1.533
421,DATA_20260429_170000.BIN,0.6642,3.4244,0.3221,3.4244,6.5230,1,0.465,0.727
422,DATA_20260429_170000.BIN,0.3221,3.1094,0.9225,3.1094,2.2440,1,1.308,1.542
423,DATA_20260429_170000.BIN,0.9785,1.9792,0.3346,1.9792,3.0140,1,0.929,1.159
424,DATA_20260429_170000.BIN,0.3346,3.4854,0.3632,3.4854,7.3150,1,1.022,1.025
425,DATA_20260429_170000.BIN,0.2838,3.3998,1.0523,3.3998,5.2140,1,0.422,0.590
426,DATA_20260429_170000.BIN,1.2434,5.6523,1.3162,5.6523,2.6510,1,1.137,2.233
427,DATA_20260429_170000.BIN,1.2757,3.3724,0.3626,3.3724,2.7720,1,1.599,1.704
428,DATA_20260429_170000.BIN,0.3626,2.4006,0.8111,2.4006,2.3980,1,0.481,0.633
429,DATA_20260429_170000.BIN,0.8111,2.3485,0.7068,2.3485,1.5400,1,1.110,2.336
430,DATA_20260429_170000.BIN,1.3442,3.2212,0.7056,3.2212,3.7620,1,0.636,1.170
431,DATA_20260429_170000.BIN,0.7444,3.3434,0.5875,3.3434,3.1680,1,0.746,1.236
432,DATA_20260429_170000.BIN,0.5875,3.6860,2.0747,3.6860,3.1020,1,0.880,1.646
433,DATA_20260429_170000.BIN,1.0652,2.6185,0.3423,2.6185,1.3860,1,1.708,1.746
434,DATA_20260429_170000.BIN,0.3423,3.0656,0.4323,3.0656,2.0790,1,0.376,0.660
435,DATA_20260429_170000.BIN,0.4323,3.1844,1.1494,3.1844,7.8980,1,0.229,0.232
436,DATA_20260429_170000.BIN,1.1494,2.5400,0.8467,2.5400,2.4420,1,1.430,1.604
437,DATA_20260429_170000.BIN,0.8467,4.2964,1.4452,4.2964,4.7520,1,0.853,1.909
438,DATA_20260429_170000.BIN,1.4452,2.8108,1.0292,2.8108,1.7380,1,1.408,2.755
439,DATA_20260429_170000.BIN,1.0292,3.6012,0.1555,3.6012,7.9750,1,0.777,2.595
440,DATA_20260429_170000.BIN,0.1555,2.8843,0.9064,2.8843,4.6750,1,0.463,1.828
441,DATA_20260429_170000.BIN,0.8210,3.1060,0.5836,3.1060,5.8300,1,0.579,1.303
442,DATA_20260429_170000.BIN,0.5836,1.7436,1.0794,1.7436,2.5630,1,0.309,0.832
443,DATA_20260429_170000.BIN,1.0794,3.2547,1.1729,3.2547,2.6290,1,1.214,2.165
444,DATA_20260429_170000.BIN,1.1729,3.5822,1.3360,3.5822,1.9030,1,1.312,1.633
445,DATA_20260429_170000.BIN,1.3360,2.8191,0.5994,2.8191,1.9360,1,1.703,1.908
446,DATA_20260429_170000.BIN,0.5994,3.3421,2.0323,3.3421,5.1920,1,1.144,1.281
447,DATA_20260429_170000.BIN,2.0323,4.0093,0.0967,4.0093,6.0390,1,2.089,2.271
448,DATA_20260429_170000.BIN,0.0967,2.2079,0.2124,2.2079,6.1160,1,0.466,0.973
449,DATA_20260429_170000.BIN,0.2634,2.6266,0.8287,2.6266,4.2020,1,0.759,0.759
450,DATA_20260429_170000.BIN,0.3740,3.6778,0.6245,3.6778,7.4250,1,0.042,0.198
451,DATA_20260429_170000.BIN,0.6245,2.2206,0.9274,2.2206,3.9710,1,0.518,0.739
452,DATA_20260429_170000.BIN,0.9274,2.0843,0.4652,2.0843,2.5300,1,0.945,1.014
453,DATA_20260429_170000.BIN,0.4652,1.6215,0.3697,1.6215,2.8600,1,0.663,0.752
454,DATA_20260429_170000.BIN,0.3697,2.6132,0.7696,2.6132,6.2590,1,0.802,1.129
455,DATA_20260429_170000.BIN,0.7696,2.3746,0.2352,2.3746,3.0030,1,0.584,1.248
456,DATA_20260429_170000.BIN,1.1807,2.9423,1.1210,2.9423,4.5210,1,1.051,2.225
457,DATA_20260429_170000.BIN,1.1210,2.6157,1.0376,2.6157,1.7270,1,0.908,1.019
458,DATA_20260429_170000.BIN,1.0376,2.3427,0.9311,2.3427,4.5320,1,0.881,0.918
459,DATA_20260429_170000.BIN,0.9311,2.7788,0.0657,2.7788,4.9830,1,0.828,1.892
460,DATA_20260429_170000.BIN,0.0657,1.6609,0.4838,1.6609,4.9500,1,0.506,2.762
461,DATA_20260429_170000.BIN,0.4838,2.4781,0.1969,2.4781,6.6220,1,0.791,2.158
462,DATA_20260429_170000.BIN,0.9137,2.4248,0.7407,2.4248,3.0690,1,0.916,2.075
463,DATA_20260429_170000.BIN,0.7407,4.3567,0.4793,4.3567,6.5670,1,0.826,0.911
464,DATA_20260429_170000.BIN,0.4793,2.3616,1.0211,2.3616,7.0070,1,0.235,2.170
465,DATA_20260429_170000.BIN,1.0211,1.8563,0.5277,1.8563,1.7160,1,1.308,1.309
466,DATA_20260429_170000.BIN,1.3878,4.7499,0.7209,4.7499,6.2920,1,1.239,1.276
467,DATA_20260429_170000.BIN,0.8192,7.2115,1.6170,7.2115,5.5440,1,1.206,1.237
468,DATA_20260429_170000.BIN,1.7108,3.9762,1.7665,3.9762,8.2830,1,2.276,2.451
469,DATA_20260429_170000.BIN,1.7665,3.3115,1.0418,3.3115,2.5080,1,2.153,2.459
470,DATA_20260429_170000.BIN,1.0418,3.2723,1.1532,3.2723,2.8820,1,0.972,1.826
471,DATA_20260429_170000.BIN,1.1532,3.3680,1.3958,3.3680,7.9750,1,0.931,1.190
472,DATA_20260429_170000.BIN,1.3958,2.7822,1.1800,2.7822,1.5840,1,1.127,1.440
473,DATA_20260429_170000.BIN,0.7802,2.5068,1.0882,2.5068,2.6400,1,0.374,0.501
474,DATA_20260429_170000.BIN,0.2958,3.4586,1.5473,3.4586,3.5420,1,0.253,0.879
475,DATA_20260429_170000.BIN,1.5473,5.3955,2.7892,5.3955,4.5430,1,1.329,1.533
476,DATA_20260429_170000.BIN,1.6155,5.1234,2.0216,5.1234,4.4770,1,2.315,4.575
477,DATA_20260429_170000.BIN,1.3605,3.7975,0.7661,3.7975,2.5520,1,1.644,1.841
478,DATA_20260429_170000.BIN,1.0205,3.0407,0.7746,3.0407,5.1480,1,0.717,2.087
479,DATA_20260429_170000.BIN,0.7160,5.1740,2.7263,5.1740,3.1460,1,1.393,3.684
480,DATA_20260429_170000.BIN,2.7263,4.2287,2.4290,4.2287,1.6170,1,2.462,3.078
481,DATA_20260429_170000.BIN,2.4290,4.6054,2.6667,4.6054,1.9250,1,2.296,2.909
482,DATA_20260429_170000.BIN,2.6667,4.5834,2.9230,4.5834,3.2670,1,2.153,2.616
483,DATA_20260429_170000.BIN,2.9230,6.6890,3.8298,6.6890,6.4130,1,2.320,3.124
484,DATA_20260429_170000.BIN,3.2816,4.9890,3.6000,4.9890,5.5110,1,2.389,2.445
485,DATA_20260429_170000.BIN,3.9236,5.8918,4.3876,5.8918,3.3990,1,2.946,3.291
486,DATA_20260429_170000.BIN,4.3876,8.5413,5.9410,8.5413,6.6990,1,3.200,3.575
487,DATA_20260429_170000.BIN,3.5425,7.1051,1.6113,7.1051,5.1480,1,2.218,2.294
488,DATA_20260429_170000.BIN,1.0888,3.2227,1.1107,3.2227,1.6940,1,1.311,2.214
489,DATA_20260429_170000.BIN,1.1107,3.9343,2.1847,3.9343,1.7600,1,1.074,1.974
490,DATA_20260429_170000.BIN,2.0615,7.5610,2.4865,7.5610,1.9690,1,1.127,1.153
491,DATA_20260429_170000.BIN,2.4865,4.7263,2.0513,4.7263,2.7060,1,0.984,2.628
492,DATA_20260429_170000.BIN,2.0513,4.6977,0.3759,4.6977,2.9150,1,0.475,2.477
493,DATA_20260429_170000.BIN,0.3759,4.7386,1.3361,4.7386,1.8480,1,2.129,3.731
494,DATA_20260429_170000.BIN,1.5765,3.6577,1.1793,3.6577,1.5840,1,3.005,3.399
495,DATA_20260429_170000.BIN,1.1793,4.0741,0.7618,4.0741,1.5840,1,2.024,2.548
496,DATA_20260429_170000.BIN,0.7618,3.5202,0.8547,3.5202,1.4520,1,1.995,2.053
497,DATA_20260429_170000.BIN,0.8547,2.4713,1.1628,2.4713,1.3530,1,0.609,1.372
498,DATA_20260429_170000.BIN,1.1628,3.0020,1.0797,3.0020,1.5950,1,2.065,2.542
499,DATA_20260429_170000.BIN,0.7589,2.8408,0.2724,2.8408,7.3480,1,0.844,1.430
500,DATA_20260429_170000.BIN,0.2724,2.4718,1.4239,2.4718,4.2130,1,1.263,2.985
501,DATA_20260429_170000.BIN,1.4239,3.0652,1.0860,3.0652,1.2320,1,1.049,3.520
502,DATA_20260429_170000.BIN,2.3963,4.5601,3.0920,4.5601,4.3780,1,3.377,3.605
503,DATA_20260429_170000.BIN,3.0920,4.6604,0.7422,4.6604,3.1350,1,4.396,4.827
504,DATA_20260429_170000.BIN,0.7422,2.4287,0.6041,2.4287,1.1440,1,0.418,1.788
505,DATA_20260429_170000.BIN,0.6041,2.9330,0.9269,2.9330,1.5400,1,0.189,0.572
506,DATA_20260429_170000.BIN,0.9269,2.8332,0.9294,2.8332,1.5510,1,0.459,0.810
507,DATA_20260429_170000.BIN,0.9294,2.4911,0.2752,2.4911,2.0680,1,1.213,1.785
508,DATA_20260429_170000.BIN,1.1743,2.8221,1.4731,2.8221,1.6280,1,0.914,0.952
509,DATA_20260429_170000.BIN,0.6832,3.4750,1.9526,3.4750,4.4220,1,0.528,0.803
510,DATA_20260429_170000.BIN,0.1537,2.2312,0.3820,2.2312,6.4020,1,0.723,1.747
511,DATA_20260429_170000.BIN,0.4803,5.3180,1.2904,5.3180,4.0590,1,0.488,1.249
512,DATA_20260429_170000.BIN,1.2904,4.3779,2.8832,4.3779,5.2800,1,2.084,2.403
513,DATA_20260429_170000.BIN,2.8832,7.1555,0.1172,7.1555,2.3320,1,3.470,3.522
514,DATA_20260429_170000.BIN,1.4783,3.9625,0.9905,3.9625,2.4090,1,1.719,4.413
515,DATA_20260429_170000.BIN,1.3602,4.5286,0.9516,4.5286,4.8180,1,1.855,1.857
516,DATA_20260429_170000.BIN,0.9516,3.3000,0.4733,3.3000,1.7270,1,1.701,2.312
517,DATA_20260429_170000.BIN,0.7799,3.2805,0.8234,3.2805,5.1920,1,1.048,1.995
518,DATA_20260429_170000.BIN,1.3077,2.8403,0.3180,2.8403,2.7500,1,1.724,3.074
519,DATA_20260429_170000.BIN,1.1844,4.6323,0.9506,4.6323,7.0180,1,1.262,1.605
520,DATA_20260429_170000.BIN,0.7846,3.1378,0.6409,3.1378,4.1360,1,1.069,2.371
521,DATA_20260429_170000.BIN,0.4535,2.3618,1.0058,2.3618,2.8270,1,0.396,2.093
522,DATA_20260429_170000.BIN,1.0058,3.0838,0.7312,3.0838,1.2210,1,1.320,1.414
523,DATA_20260429_170000.BIN,1.8955,3.4464,0.6505,3.4464,2.1450,1,2.273,2.290
524,DATA_20260429_170000.BIN,0.6505,4.0133,0.1712,4.0133,3.1570,1,0.488,0.488
525,DATA_20260429_170000.BIN,0.5400,3.2076,0.6122,3.2076,5.4340,1,0.792,1.119
526,DATA_20260429_170000.BIN,0.6122,1.7518,0.0190,1.7518,3.3770,1,0.531,0.927
527,DATA_20260429_170000.BIN,0.0190,3.2276,0.8125,3.2276,3.3220,1,0.328,0.401
528,DATA_20260429_170000.BIN,0.8125,2.8876,0.8186,2.8876,3.4980,1,0.708,0.776
529,DATA_20260429_170000.BIN,0.8186,3.6354,0.2223,3.6354,6.1050,1,0.687,0.709
530,DATA_20260429_170000.BIN,0.2223,2.7929,0.8642,2.7929,7.1500,1,0.103,0.147
531,DATA_20260429_170000.BIN,0.4059,2.0735,0.4428,2.0735,3.0580,1,0.134,0.149
532,DATA_20260429_170000.BIN,0.4428,3.0414,0.1387,3.0414,5.5330,1,0.770,1.690
533,DATA_20260429_170000.BIN,1.3898,3.4525,0.2614,3.4525,1.8040,1,1.318,1.334
534,DATA_20260429_170000.BIN,0.9469,2.1167,0.1952,2.1167,2.8930,1,1.168,1.179
535,DATA_20260429_170000.BIN,0.3741,3.9740,0.5541,3.9740,1.0230,1,0.582,1.223
536,DATA_20260429_170000.BIN,0.5541,2.0067,0.4902,2.0067,2.5190,1,0.543,1.526
537,DATA_20260429_170000.BIN,0.4902,2.4969,0.5993,2.4969,2.5740,1,0.200,4.126
538,DATA_20260429_170000.BIN,1.6732,3.1561,1.6799,3.1561,1.4960,1,2.331,3.324
539,DATA_20260429_170000.BIN,1.6799,3.5097,0.1875,3.5097,1.2540,1,2.050,3.018
540,DATA_20260429_170000.BIN,0.1875,3.0498,0.6113,3.0498,1.4300,1,0.357,1.017
541,DATA_20260429_170000.BIN,0.6113,2.8499,0.9486,2.8499,1.9140,1,0.903,0.928
542,DATA_20260429_170000.BIN,0.9486,3.4965,2.2554,3.4965,6.1600,1,1.110,1.693
543,DATA_20260429_170000.BIN,2.2554,6.0538,4.3308,6.0538,3.0910,1,2.393,2.396
544,DATA_20260429_170000.BIN,4.3308,5.9944,1.0991,5.9944,3.4650,1,4.649,4.703
545,DATA_20260429_170000.BIN,4.5199,6.4860,4.8536,6.4860,2.9920,1,5.538,5.674
546,DATA_20260429_170000.BIN,5.8559,8.1255,5.3658,8.1255,5.9950,1,6.767,7.103
547,DATA_20260429_170000.BIN,2.9380,4.9997,2.8074,4.9997,2.6290,1,2.774,2.975
548,DATA_20260429_170000.BIN,1.2241,2.7351,0.2141,2.7351,6.7320,1,0.384,0.569
549,DATA_20260429_170000.BIN,0.2141,2.7881,1.3509,2.7881,4.1250,1,1.115,1.489
550,DATA_20260429_170000.BIN,0.5421,4.1549,1.3782,4.1549,1.6830,1,0.575,1.195
551,DATA_20260429_170000.BIN,1.3782,4.0697,0.9202,4.0697,1.5290,1,1.326,1.789
552,DATA_20260429_170000.BIN,0.9202,3.4254,1.6574,3.4254,6.3800,1,1.775,1.908
553,DATA_20260429_170000.BIN,1.6574,7.1925,2.1084,7.1925,4.0810,1,1.625,2.178
554,DATA_20260429_170000.BIN,0.0176,4.2958,2.0742,4.2958,2.5080,1,0.779,0.819
555,DATA_20260429_170000.BIN,2.0742,8.6830,0.6517,8.6830,3.7290,1,2.904,3.526
556,DATA_20260429_170000.BIN,0.6517,2.2983,0.5831,2.2983,3.2670,1,0.670,2.410
557,DATA_20260429_170000.BIN,0.7316,4.3412,0.8847,4.3412,6.8860,1,1.130,1.926
558,DATA_20260429_170000.BIN,0.8847,2.5495,1.3708,2.5495,2.0460,1,0.892,2.560
559,DATA_20260429_170000.BIN,1.3708,2.6334,0.8932,2.6334,3.5970,1,1.907,2.945
560,DATA_20260429_170000.BIN,0.8270,3.6082,0.5669,3.6082,2.1450,1,1.022,1.279
561,DATA_20260429_185823.BIN,0.6799,3.4263,1.2748,3.4263,4.5430,1,1.690,1.866
562,DATA_20260429_185823.BIN,1.2748,3.6874,0.6253,3.6874,6.0060,1,2.453,3.347
563,DATA_20260429_185823.BIN,0.6253,3.3453,0.7615,3.3453,1.1000,1,1.660,2.060
564,DATA_20260429_185823.BIN,0.7615,2.9965,0.5020,2.9965,5.6210,1,0.586,2.276
565,DATA_20260429_185823.BIN,4.9969,6.8251,3.1503,6.8251,4.2350,1,5.947,6.137
566,DATA_20260429_185823.BIN,1.7957,4.7330,1.4463,4.7330,3.5420,1,1.846,2.598
567,DATA_20260429_185823.BIN,1.4463,3.7882,1.3125,3.7882,6.3140,1,1.612,1.781
568,DATA_20260429_185823.BIN,1.3125,2.9667,0.6461,2.9667,2.4970,1,2.032,2.766
569,DATA_20260429_185823.BIN,0.6461,2.2917,0.2660,2.2917,2.4530,1,1.522,1.723
570,DATA_20260429_185823.BIN,0.2660,5.4083,0.4789,5.4083,4.1470,1,0.308,1.373
571,DATA_20260429_185823.BIN,1.6052,3.4307,0.6687,3.4307,3.7290,1,2.031,2.232
572,DATA_20260429_190000.BIN,5.1393,7.4267,4.2068,7.4267,6.0390,1,4.364,4.565
573,DATA_20260429_190000.BIN,4.2068,6.1370,3.5580,6.1370,2.3210,1,0.917,1.793
574,DATA_20260429_190000.BIN,3.5580,7.6695,3.9610,7.6695,2.8930,1,1.950,2.140
575,DATA_20260429_190000.BIN,3.9610,5.6169,3.2353,5.6169,1.5620,1,1.156,1.350
576,DATA_20260429_190000.BIN,3.2353,6.4061,4.0359,6.4061,2.6510,1,0.983,1.975
577,DATA_20260429_190000.BIN,4.0359,5.4456,3.0406,5.4456,1.6060,1,0.693,0.887
578,DATA_20260429_190000.BIN,3.0406,4.8976,2.6635,4.8976,2.6180,1,1.328,1.554
579,DATA_20260429_190000.BIN,2.6635,4.9671,3.5488,4.9671,1.7270,1,1.418,1.435
580,DATA_20260429_190000.BIN,3.5488,5.3689,4.3783,5.3689,1.3860,1,0.401,2.534
581,DATA_20260429_190000.BIN,4.3783,5.6693,3.0628,5.6693,2.9590,1,1.063,1.550
582,DATA_20260429_190000.BIN,3.0628,5.9884,3.9118,5.9884,3.7510,1,1.064,1.070
583,DATA_20260429_190000.BIN,3.9118,5.5344,3.3198,5.5344,1.4630,1,0.211,0.798
584,DATA_20260429_190000.BIN,3.3198,6.4856,3.1601,6.4856,1.5180,1,1.532,2.421
585,DATA_20260429_190000.BIN,3.1601,4.7423,2.6728,4.7423,1.4080,1,2.104,2.786
586,DATA_20260429_190000.BIN,2.6728,5.7842,2.8616,5.7842,1.3640,1,1.513,2.548
587,DATA_20260429_190000.BIN,2.8616,5.9086,3.9285,5.9086,1.5840,1,0.390,1.250
588,DATA_20260429_190000.BIN,3.9285,5.0319,2.9560,5.0319,1.4410,1,0.590,0.743
589,DATA_20260429_190000.BIN,2.9560,5.3505,2.3920,5.3505,1.8260,1,1.053,1.813
590,DATA_20260429_190000.BIN,2.3920,3.8202,1.1296,3.8202,1.6500,1,1.237,1.265
591,DATA_20260429_190000.BIN,1.1296,3.3703,1.7817,3.3703,2.8490,1,2.574,2.761
592,DATA_20260429_190000.BIN,1.7817,4.0428,2.3125,4.0428,3.9820,1,1.595,1.633
593,DATA_20260429_190000.BIN,2.3125,4.5481,3.3171,4.5481,2.1010,1,1.228,2.678
594,DATA_20260429_190000.BIN,2.3634,5.3300,3.2464,5.3300,5.7530,1,1.148,1.739
595,DATA_20260429_190000.BIN,3.2464,6.1117,3.5530,6.1117,3.0800,1,1.420,1.772
596,DATA_20260429_190000.BIN,3.5530,5.2911,3.7897,5.2911,4.6420,1,1.257,1.850
597,DATA_20260429_190000.BIN,3.7897,5.4950,3.8862,5.4950,2.8600,1,1.106,1.323
598,DATA_20260429_190000.BIN,3.8862,6.0635,3.9920,6.0635,3.3550,1,1.320,1.321
599,DATA_20260429_190000.BIN,3.9920,6.8131,4.0630,6.8131,3.5200,1,1.108,1.468
600,DATA_20260429_190000.BIN,4.0630,6.0479,3.5451,6.0479,1.4630,1,1.021,1.694
601,DATA_20260429_190000.BIN,3.5451,6.1194,4.0380,6.1194,1.7600,1,0.513,0.566
602,DATA_20260429_190000.BIN,4.0380,5.7668,2.7789,5.7668,5.9070,1,1.400,1.657
603,DATA_20260429_190000.BIN,2.7789,6.1796,4.2759,6.1796,4.3450,1,0.830,0.874
604,DATA_20260429_190000.BIN,4.1973,5.9919,4.2555,5.9919,4.7520,1,1.093,1.710
605,DATA_20260429_190000.BIN,3.5339,5.0860,3.3350,5.0860,2.2550,1,0.338,0.355
606,DATA_20260429_190000.BIN,3.6645,5.3386,3.8944,5.3386,2.2440,1,1.493,2.250
607,DATA_20260429_190000.BIN,3.8944,5.7927,2.7728,5.7927,5.8740,1,1.722,2.716
608,DATA_20260429_190000.BIN,2.7728,5.1226,3.0985,5.1226,3.9380,1,1.193,1.631
609,DATA_20260429_190000.BIN,3.0985,6.4933,3.1445,6.4933,5.4010,1,0.907,0.974
610,DATA_20260429_190000.BIN,3.1445,5.4138,3.1279,5.4138,1.5070,1,0.257,0.605
611,DATA_20260429_190000.BIN,3.1279,4.5304,3.1153,4.5304,7.1390,1,0.192,1.267
612,DATA_20260429_190000.BIN,3.1153,4.2017,2.4257,4.2017,2.7830,1,0.303,1.242
613,DATA_20260429_190000.BIN,2.4257,5.0884,2.9708,5.0884,4.3560,1,1.429,1.431
614,DATA_20260429_190000.BIN,2.4159,4.8527,3.1021,4.8527,4.2020,1,0.913,1.032
615,DATA_20260429_190000.BIN,2.2450,4.0437,2.6803,4.0437,1.1990,1,1.240,1.367
616,DATA_20260429_190000.BIN,2.2237,5.1736,2.0610,5.1736,4.6420,1,1.332,1.657
617,DATA_20260429_190000.BIN,2.0610,4.4709,1.9172,4.4709,7.4800,1,1.598,1.760
618,DATA_20260429_190000.BIN,3.6545,5.4082,2.0043,5.4082,6.2810,1,1.128,1.887
619,DATA_20260429_190000.BIN,2.0043,5.6787,3.6414,5.6787,2.5410,1,1.122,1.285
620,DATA_20260429_190000.BIN,3.6414,4.7192,1.8587,4.7192,1.9250,1,1.214,1.217
621,DATA_20260429_190000.BIN,1.8587,3.9043,2.2780,3.9043,1.2210,1,1.335,1.388
622,DATA_20260429_190000.BIN,2.2780,4.0655,2.8745,4.0655,4.5320,1,1.381,1.381
623,DATA_20260429_190000.BIN,2.8745,4.8572,1.4248,4.8572,2.9370,1,1.141,1.170
624,DATA_20260429_190000.BIN,1.4248,5.5933,2.7511,5.5933,8.2830,1,1.446,1.515
625,DATA_20260429_190000.BIN,2.7511,4.1159,1.7856,4.1159,1.6170,1,0.445,0.663
626,DATA_20260429_190000.BIN,1.7856,3.9672,2.1837,3.9672,8.4590,1,1.089,1.095
627,DATA_20260429_190000.BIN,2.1837,3.6534,2.1381,3.6534,2.7060,1,1.731,1.735
628,DATA_20260429_190000.BIN,2.1381,5.3089,2.4775,5.3089,1.4740,1,0.557,0.915
629,DATA_20260429_190000.BIN,2.4775,4.9309,2.2624,4.9309,1.6940,1,0.447,1.258
630,DATA_20260429_190000.BIN,2.2624,4.2977,2.3628,4.2977,1.8590,1,0.236,0.382
631,DATA_20260429_190000.BIN,2.3628,4.7914,3.0691,4.7914,1.7820,1,0.090,0.962
632,DATA_20260429_190000.BIN,3.0691,4.0464,2.7995,4.0464,1.5840,1,1.990,2.115
633,DATA_20260429_190000.BIN,2.7995,6.2274,1.4530,6.2274,1.7600,1,2.694,2.694
634,DATA_20260429_190000.BIN,1.4530,3.1505,2.2743,3.1505,1.2430,1,1.772,1.910
635,DATA_20260429_190000.BIN,2.2743,4.1124,2.3987,4.1124,1.4520,1,0.248,1.783
636,DATA_20260429_190000.BIN,2.3987,3.7685,1.3537,3.7685,3.0580,1,0.756,1.006
637,DATA_20260429_190000.BIN,1.3537,3.6861,1.4723,3.6861,3.3880,1,0.993,1.784
638,DATA_20260429_190000.BIN,1.4723,3.7224,2.4718,3.7224,1.7820,1,0.914,2.093
639,DATA_20260429_190000.BIN,2.4718,4.3166,3.0178,4.3166,1.5070,1,0.449,2.055
640,DATA_20260429_190000.BIN,3.0178,4.1436,2.3352,4.1436,1.5510,1,1.210,1.309
641,DATA_20260429_190000.BIN,2.3352,4.1174,2.1987,4.1174,1.3420,1,1.494,1.598
642,DATA_20260429_190000.BIN,2.1987,3.8636,2.0698,3.8636,1.3750,1,1.881,2.469
643,DATA_20260429_190000.BIN,2.0698,4.2642,2.1641,4.2642,1.5510,1,1.383,2.167
644,DATA_20260429_190000.BIN,2.1641,3.3362,1.4638,3.3362,1.4960,1,1.098,1.949
645,DATA_20260429_190000.BIN,0.3356,5.0334,2.1621,5.0334,3.7730,1,2.239,2.319
646,DATA_20260429_190000.BIN,1.4539,2.8499,0.0892,2.8499,3.9930,1,0.804,0.897
647,DATA_20260429_190000.BIN,1.5237,4.5579,1.6067,4.5579,1.4850,1,1.571,1.858
648,DATA_20260429_190000.BIN,1.6067,3.4229,1.6906,3.4229,1.4080,1,0.556,0.683
649,DATA_20260429_190000.BIN,1.6906,3.7628,1.4794,3.7628,1.2540,1,1.374,1.430
650,DATA_20260429_190000.BIN,1.4794,4.0122,2.1688,4.0122,3.0580,1,0.891,1.081
651,DATA_20260429_190000.BIN,2.1688,4.2959,0.8765,4.2959,2.2770,1,0.795,0.826
652,DATA_20260429_190000.BIN,0.5766,2.7329,0.7285,2.7329,4.2680,1,1.325,1.332
653,DATA_20260429_190000.BIN,0.7285,2.9362,0.6690,2.9362,1.3860,1,1.285,2.259
654,DATA_20260429_190000.BIN,0.6690,2.7141,0.8707,2.7141,1.4520,1,0.913,1.373
655,DATA_20260429_190000.BIN,0.8707,2.8927,1.0192,2.8927,1.6170,1,1.617,1.995
656,DATA_20260429_190000.BIN,1.0192,2.8388,0.3274,2.8388,1.5400,1,0.540,0.610
657,DATA_20260429_190000.BIN,0.3274,2.9452,0.5470,2.9452,1.5290,1,1.052,1.138
658,DATA_20260429_190000.BIN,0.5470,2.6753,1.0585,2.6753,1.5730,1,0.948,0.960
659,DATA_20260429_190000.BIN,1.0585,2.4854,1.4260,2.4854,1.5730,1,0.686,0.687
660,DATA_20260429_190000.BIN,1.4260,2.8541,0.9689,2.8541,1.6060,1,1.944,2.199
661,DATA_20260429_190000.BIN,0.9689,3.2362,0.4038,3.2362,3.1020,1,1.261,2.085
662,DATA_20260429_190000.BIN,0.4038,3.1559,0.3712,3.1559,1.7820,1,1.533,2.418
663,DATA_20260429_190000.BIN,0.9508,2.6027,0.8916,2.6027,2.9480,1,1.208,1.859
664,DATA_20260429_190000.BIN,0.8916,2.7196,1.1387,2.7196,3.4980,1,0.351,0.747
665,DATA_20260429_190000.BIN,0.7072,2.9142,1.3150,2.9142,1.5950,1,1.121,1.135
666,DATA_20260429_190000.BIN,1.3150,3.4105,0.5153,3.4105,1.5290,1,1.563,2.244
667,DATA_20260429_190000.BIN,0.5153,1.9792,0.4816,1.9792,2.1120,1,0.218,0.285
668,DATA_20260429_190000.BIN,0.4816,3.0851,1.5168,3.0851,5.9180,1,0.765,1.358
669,DATA_20260429_190000.BIN,1.5168,3.3080,0.3983,3.3080,2.1450,1,2.053,2.061
670,DATA_20260429_190000.BIN,0.3983,2.6275,0.7813,2.6275,3.1350,1,0.913,0.931
671,DATA_20260429_190000.BIN,0.7813,2.8743,0.7915,2.8743,1.6060,1,0.565,1.420
672,DATA_20260429_190000.BIN,0.7915,2.4033,1.0522,2.4033,1.6060,1,0.507,1.072
673,DATA_20260429_190000.BIN,1.0522,2.2148,0.7767,2.2148,1.3860,1,1.567,1.712
674,DATA_20260429_190000.BIN,0.7767,3.2788,0.1681,3.2788,3.0910,1,1.131,1.134
675,DATA_20260429_190000.BIN,0.1273,2.4701,0.3954,2.4701,1.8040,1,0.402,0.748
676,DATA_20260429_190000.BIN,0.1187,2.3326,0.6323,2.3326,1.6500,1,0.674,2.763
677,DATA_20260429_190000.BIN,0.6323,2.2970,1.2084,2.2970,1.8040,1,0.829,2.970
678,DATA_20260429_190000.BIN,1.2084,2.6382,0.1609,2.6382,1.5840,1,1.549,1.603
679,DATA_20260429_190000.BIN,0.1609,3.0402,0.9110,3.0402,6.1820,1,0.466,0.504
680,DATA_20260429_190000.BIN,0.9110,3.4519,0.9449,3.4519,2.7060,1,0.792,2.362
681,DATA_20260429_190000.BIN,0.9449,3.4450,0.7885,3.4450,1.7490,1,0.778,0.887
682,DATA_20260429_190000.BIN,0.7885,2.0266,0.1011,2.0266,1.4080,1,1.156,1.908
683,DATA_20260429_190000.BIN,0.8607,3.2582,1.1288,3.2582,1.8150,1,0.670,1.131
684,DATA_20260429_190000.BIN,1.1288,3.1302,0.0766,3.1302,1.6280,1,0.743,0.928
685,DATA_20260429_190000.BIN,0.0766,2.5569,0.4395,2.5569,1.5620,1,0.598,0.747
686,DATA_20260429_190000.BIN,0.4395,2.5834,0.0125,2.5834,2.8160,1,0.647,0.648
687,DATA_20260429_190000.BIN,1.2341,3.6412,1.1551,3.6412,2.7170,1,0.922,1.337
688,DATA_20260429_190000.BIN,1.1551,2.5015,0.5865,2.5015,1.4520,1,1.371,1.672
689,DATA_20260429_190000.BIN,1.5127,2.7507,0.4787,2.7507,1.4410,1,1.550,2.421
690,DATA_20260429_190000.BIN,0.4711,2.4158,0.3193,2.4158,1.4740,1,0.358,1.496
691,DATA_20260429_190000.BIN,0.3193,2.6043,0.4758,2.6043,1.4740,1,0.414,1.207
692,DATA_20260429_190000.BIN,0.4758,1.8460,0.7902,1.8460,1.4630,1,1.025,1.028
693,DATA_20260429_190000.BIN,0.7902,3.4031,0.0684,3.4031,4.9060,1,1.309,1.408
694,DATA_20260429_190000.BIN,0.0684,3.3443,0.7327,3.3443,5.2470,1,0.559,1.399
695,DATA_20260429_190000.BIN,0.7327,3.2787,1.8798,3.2787,1.4960,1,0.934,0.967
696,DATA_20260429_190000.BIN,0.1715,2.6067,0.8970,2.6067,2.6730,1,0.485,0.737
697,DATA_20260429_190000.BIN,0.8970,3.0734,0.5410,3.0734,2.7280,1,1.368,3.481
698,DATA_20260429_190000.BIN,0.7067,3.0270,0.3291,3.0270,3.1570,1,0.686,0.987
699,DATA_20260429_190000.BIN,0.3291,2.9693,0.5123,2.9693,1.9470,1,0.481,1.024
700,DATA_20260429_190000.BIN,0.5123,2.7435,0.4415,2.7435,1.4850,1,0.636,0.803
701,DATA_20260429_190000.BIN,0.4415,2.3420,0.5263,2.3420,1.4960,1,0.289,0.301
702,DATA_20260429_190000.BIN,0.5263,2.5868,0.7901,2.5868,1.1880,1,0.908,1.476
703,DATA_20260429_190000.BIN,0.7901,3.0246,0.0857,3.0246,4.3560,1,1.072,1.900
704,DATA_20260429_190000.BIN,0.1106,7.3746,0.2205,7.3746,6.8090,1,0.154,0.703
705,DATA_20260429_190000.BIN,0.4999,2.2530,0.9356,2.2530,3.6960,1,0.562,0.825
706,DATA_20260429_190000.BIN,0.9356,2.7427,0.4572,2.7427,2.6840,1,1.313,3.773
707,DATA_20260429_190000.BIN,0.4572,3.3224,0.8951,3.3224,3.4430,1,0.608,2.124
708,DATA_20260429_190000.BIN,0.8951,3.8274,1.7860,3.8274,2.6400,1,1.057,2.178
709,DATA_20260429_190000.BIN,1.7860,3.6981,0.9507,3.6981,1.4630,1,2.298,2.727
710,DATA_20260429_190000.BIN,0.9507,3.1193,0.6944,3.1193,4.5100,1,1.173,1.356
711,DATA_20260429_190000.BIN,0.4839,1.9684,0.6202,1.9684,3.3550,1,0.639,1.049
712,DATA_20260429_190000.BIN,1.3116,3.1409,0.2106,3.1409,6.3910,1,1.517,1.693
713,DATA_20260429_190000.BIN,0.2106,3.0418,0.3604,3.0418,5.4010,1,0.438,0.450
714,DATA_20260429_190000.BIN,0.3604,3.1364,0.1308,3.1364,9.0200,1,0.330,2.588
715,DATA_20260429_190000.BIN,0.1308,3.2776,1.4444,3.2776,9.7240,1,0.231,0.240
716,DATA_20260429_190000.BIN,1.4444,4.4322,2.2022,4.4322,5.8850,1,1.748,1.823
717,DATA_20260429_190000.BIN,2.2022,4.3873,0.9636,4.3873,1.7160,1,2.695,4.859
718,DATA_20260429_190000.BIN,0.9636,3.3152,1.0616,3.3152,2.2110,1,0.876,1.429
719,DATA_20260429_190000.BIN,1.0616,4.4475,2.0531,4.4475,2.6730,1,1.577,2.014
720,DATA_20260429_190000.BIN,2.0531,3.8069,1.1769,3.8069,1.3750,1,2.244,2.940
721,DATA_20260429_190000.BIN,1.1769,3.2643,1.5087,3.2643,4.0590,1,1.268,1.334
722,DATA_20260429_190000.BIN,1.5087,4.6344,3.0863,4.6344,4.3340,1,2.039,2.047
723,DATA_20260429_190000.BIN,3.0863,5.0857,1.5031,5.0857,2.0680,1,3.491,3.698
724,DATA_20260429_190000.BIN,0.8194,2.1486,0.5087,2.1486,1.4300,1,0.717,2.281
725,DATA_20260429_190000.BIN,0.5087,2.4817,1.2106,2.4817,1.6610,1,1.049,1.949
726,DATA_20260429_190000.BIN,1.2106,2.8064,0.6853,2.8064,1.4740,1,1.116,1.641
727,DATA_20260429_190000.BIN,0.9085,2.8095,0.6930,2.8095,4.7520,1,0.575,1.106
728,DATA_20260429_190000.BIN,0.1395,2.8445,1.1601,2.8445,1.5510,1,0.523,0.876
729,DATA_20260429_190000.BIN,0.7346,2.2609,0.9584,2.2609,4.6860,1,0.548,0.582
730,DATA_20260429_190000.BIN,0.9584,2.3203,0.9735,2.3203,1.8040,1,1.274,2.271
731,DATA_20260429_190000.BIN,0.9735,3.2116,0.5679,3.2116,3.1790,1,1.495,1.515
732,DATA_20260429_190000.BIN,0.5679,2.3733,0.4057,2.3733,3.9490,1,0.871,0.946
733,DATA_20260429_190000.BIN,0.7119,2.7845,0.3983,2.7845,5.2800,1,0.553,0.698
734,DATA_20260429_190000.BIN,0.3983,1.5977,0.6354,1.5977,1.5730,1,0.415,2.299
735,DATA_20260429_190000.BIN,0.6354,2.7377,1.1594,2.7377,5.7090,1,0.692,1.420
736,DATA_20260429_190000.BIN,0.6880,3.8903,0.4967,3.8903,4.0590,1,0.571,2.688
737,DATA_20260429_190000.BIN,1.1143,2.7341,0.2929,2.7341,2.4530,1,1.205,2.087
738,DATA_20260429_190000.BIN,0.5188,2.3263,0.7579,2.3263,3.4210,1,0.722,1.085
739,DATA_20260429_190000.BIN,0.4000,2.5534,0.3890,2.5534,2.7610,1,0.749,1.077
740,DATA_20260429_190000.BIN,0.3890,2.9472,0.4528,2.9472,3.5970,1,0.167,0.186
741,DATA_20260429_190000.BIN,0.4528,2.2180,0.8381,2.2180,1.8260,1,0.429,0.653
742,DATA_20260429_190000.BIN,0.8381,2.2019,0.7627,2.2019,4.5760,1,0.677,0.950
743,DATA_20260429_190000.BIN,0.7627,4.2573,1.3931,4.2573,1.4850,1,0.487,1.338
744,DATA_20260429_190000.BIN,1.3931,3.5545,1.1140,3.5545,2.6620,1,1.998,2.588
745,DATA_20260429_190000.BIN,0.4393,3.6119,0.6377,3.6119,5.7310,1,0.472,3.512
746,DATA_20260429_190000.BIN,0.6377,2.4521,0.1524,2.4521,3.7400,1,0.638,0.808
747,DATA_20260429_190000.BIN,1.0502,1.8750,0.5920,1.8750,3.0250,1,1.350,1.350
748,DATA_20260429_190000.BIN,0.4663,2.6506,0.5246,2.6506,8.9430,1,0.503,0.739
749,DATA_20260429_190000.BIN,0.7523,2.1896,0.4971,2.1896,1.4190,1,0.932,1.381
750,DATA_20260429_190000.BIN,0.4473,1.7282,0.3715,1.7282,5.0160,1,0.418,0.419
751,DATA_20260429_190000.BIN,0.3715,2.0734,0.1052,2.0734,1.5400,1,0.371,0.417
752,DATA_20260429_190000.BIN,0.7586,2.6551,0.5025,2.6551,2.6070,1,0.751,0.846
753,DATA_20260429_190000.BIN,0.5025,3.4137,0.1564,3.4137,6.2040,1,0.640,0.725
754,DATA_20260429_190000.BIN,0.1564,2.0538,0.3553,2.0538,5.7970,1,0.284,1.118
755,DATA_20260429_190000.BIN,1.3921,2.5750,1.0729,2.5750,2.4200,1,1.843,3.036
756,DATA_20260429_190000.BIN,0.2857,1.5122,0.3502,1.5122,2.2000,1,0.327,0.660
757,DATA_20260429_190000.BIN,0.3502,1.6391,0.4028,1.6391,1.7710,1,0.497,1.043
758,DATA_20260429_190000.BIN,0.4028,5.2215,2.1814,5.2215,5.2690,1,0.413,0.752
759,DATA_20260429_190000.BIN,2.1814,5.0464,3.1537,5.0464,2.5300,1,2.604,2.624
760,DATA_20260429_190000.BIN,3.1537,4.6452,0.4228,4.6452,6.1050,1,3.457,3.493
761,DATA_20260429_190000.BIN,0.4228,1.9704,0.5731,1.9704,2.0460,1,0.037,0.090
762,DATA_20260429_190000.BIN,0.7386,2.9133,0.2168,2.9133,7.5680,1,1.288,2.052
763,DATA_20260429_190000.BIN,0.8675,2.1451,0.7429,2.1451,1.6610,1,1.168,2.823
764,DATA_20260429_190000.BIN,0.6455,2.6080,1.1910,2.6080,9.6800,1,1.128,1.473
765,DATA_20260429_190000.BIN,1.1910,3.9957,1.4222,3.9957,4.1470,1,1.509,1.547
766,DATA_20260429_190000.BIN,1.4222,4.8774,3.0155,4.8774,7.8430,1,1.530,1.804
767,DATA_20260429_190000.BIN,3.0155,4.8339,3.1503,4.8339,1.4190,1,3.661,4.944
768,DATA_20260429_190000.BIN,2.7636,4.2146,1.6613,4.2146,2.7500,1,2.657,2.700
769,DATA_20260429_190000.BIN,0.7145,3.7328,0.9095,3.7328,6.5670,1,0.659,0.748
770,DATA_20260429_190000.BIN,0.9095,2.3719,0.6043,2.3719,7.3810,1,1.555,1.697
771,DATA_20260429_190000.BIN,0.6043,3.9154,0.6234,3.9154,2.9480,1,1.410,2.452
772,DATA_20260429_190000.BIN,0.1445,5.6467,1.5762,5.6467,9.9330,1,0.600,2.139
773,DATA_20260429_190000.BIN,0.6617,4.4065,1.4371,4.4065,3.9380,1,1.174,1.176
774,DATA_20260429_190000.BIN,1.8135,2.9027,1.5856,2.9027,2.6510,1,1.915,2.710
775,DATA_20260429_190000.BIN,0.7673,2.9620,0.5718,2.9620,2.3430,1,0.554,1.916
776,DATA_20260429_190000.BIN,0.5718,2.3757,0.2559,2.3757,1.6830,1,0.594,3.441
777,DATA_20260429_190000.BIN,0.2559,2.3772,0.9451,2.3772,1.5070,1,0.459,2.329
778,DATA_20260429_190000.BIN,0.3169,1.9718,0.3300,1.9718,1.3420,1,0.304,1.759
779,DATA_20260429_190000.BIN,0.3149,2.2100,0.2207,2.2100,1.4520,1,0.795,3.063
780,DATA_20260429_190000.BIN,0.2207,1.7283,0.3353,1.7283,1.4190,1,0.686,2.022
781,DATA_20260429_190000.BIN,0.3822,2.7963,0.5252,2.7963,2.9040,1,0.217,0.391
782,DATA_20260429_190000.BIN,0.7864,2.8474,0.1893,2.8474,1.4520,1,1.283,1.317
783,DATA_20260429_190000.BIN,0.1893,1.7141,0.2970,1.7141,1.4630,1,0.475,0.952
784,DATA_20260429_190000.BIN,0.2970,3.3096,0.4023,3.3096,3.9930,1,0.074,1.036
785,DATA_20260429_190000.BIN,0.4023,2.2694,0.5177,2.2694,3.0800,1,0.722,4.658
786,DATA_20260429_190000.BIN,1.6389,3.6014,1.6468,3.6014,1.4740,1,1.769,1.946
787,DATA_20260429_190000.BIN,0.4712,1.5846,0.2154,1.5846,1.5180,1,0.678,0.823
788,DATA_20260429_190000.BIN,0.2154,3.1024,0.2646,3.1024,1.4300,1,0.410,0.710
789,DATA_20260429_190000.BIN,0.2646,2.1819,0.4196,2.1819,1.4410,1,0.523,1.244
790,DATA_20260429_190000.BIN,0.4196,1.6806,0.4979,1.6806,1.4520,1,0.766,1.986
791,DATA_20260429_190000.BIN,0.4979,4.6943,1.2368,4.6943,3.2450,1,0.498,0.816
792,DATA_20260429_190000.BIN,1.2368,2.7799,0.2183,2.7799,1.5070,1,1.770,3.701
793,DATA_20260429_190000.BIN,0.2183,3.4228,0.4929,3.4228,1.5070,1,0.112,1.172
794,DATA_20260429_190000.BIN,0.3388,1.5741,0.3773,1.5741,1.4410,1,0.196,0.361
795,DATA_20260429_190000.BIN,0.3773,2.8876,0.8956,2.8876,3.0690,1,0.403,0.467
796,DATA_20260429_190000.BIN,0.8956,1.9518,0.3546,1.9518,1.8810,1,1.051,1.293
797,DATA_20260429_190000.BIN,0.2132,3.2875,0.8454,3.2875,1.3970,1,0.380,0.660
798,DATA_20260429_190000.BIN,1.0562,2.9500,0.5122,2.9500,1.6060,1,1.095,1.101
799,DATA_20260429_190000.BIN,0.5122,2.1577,0.3972,2.1577,1.5730,1,0.435,0.680
800,DATA_20260429_190000.BIN,0.3972,2.7884,1.0762,2.7884,1.8590,1,0.238,0.286
801,DATA_20260429_190000.BIN,0.8790,2.5178,0.9494,2.5178,5.3460,1,0.655,1.720
802,DATA_20260429_190000.BIN,0.9494,3.8357,0.6696,3.8357,1.5730,1,1.245,2.413
803,DATA_20260429_190000.BIN,0.6696,2.5033,0.9054,2.5033,1.4960,1,0.479,1.561
804,DATA_20260429_190000.BIN,0.9054,2.1335,0.8771,2.1335,1.6500,1,0.679,0.722
805,DATA_20260429_190000.BIN,0.8771,3.1737,1.6304,3.1737,1.6610,1,0.554,0.798
806,DATA_20260429_190000.BIN,1.4104,3.2402,0.4029,3.2402,1.4740,1,1.254,1.765
807,DATA_20260429_190000.BIN,0.4029,3.0931,1.2188,3.0931,1.5730,1,0.461,1.124
808,DATA_20260429_190000.BIN,1.2188,2.9315,0.8083,2.9315,1.5730,1,0.854,0.984
809,DATA_20260429_190000.BIN,0.8083,2.0712,0.8713,2.0712,1.4300,1,0.610,1.230
810,DATA_20260429_190000.BIN,0.8713,1.9943,1.1685,1.9943,1.4850,1,0.517,1.312
811,DATA_20260429_190000.BIN,1.1685,2.8810,0.8100,2.8810,1.5510,1,0.716,0.953
812,DATA_20260429_190000.BIN,0.5419,3.6922,1.2610,3.6922,1.5070,1,0.091,4.081
813,DATA_20260429_190000.BIN,0.8905,3.2228,1.1160,3.2228,1.4410,1,0.325,0.941
814,DATA_20260429_190000.BIN,1.1160,3.4227,0.9500,3.4227,3.1240,1,0.525,0.526
815,DATA_20260429_190000.BIN,0.9500,3.7183,0.6193,3.7183,2.9590,1,0.434,0.953
816,DATA_20260429_190000.BIN,0.6193,2.6821,0.6261,2.6821,1.5180,1,1.496,4.092
817,DATA_20260429_190000.BIN,0.6261,2.9800,1.7883,2.9800,4.5430,1,0.327,3.038
818,DATA_20260429_190000.BIN,1.9822,2.5788,1.3318,2.5788,1.4740,1,2.285,2.291
819,DATA_20260429_190000.BIN,1.3318,2.5042,1.5933,2.5042,1.3420,1,1.088,1.375
820,DATA_20260429_190000.BIN,1.5933,2.4758,0.9392,2.4758,1.3530,1,1.148,1.246
821,DATA_20260429_190000.BIN,0.9392,2.7107,0.7915,2.7107,1.5070,1,1.386,1.580
822,DATA_20260429_190000.BIN,1.0709,3.5019,0.7331,3.5019,3.2230,1,0.653,0.999
823,DATA_20260429_190000.BIN,0.5335,3.1471,1.7552,3.1471,1.5840,1,0.263,1.518
824,DATA_20260429_190000.BIN,1.7552,2.3200,2.2175,2.3200,2.9480,1,1.294,1.299
825,DATA_20260429_190000.BIN,2.2175,2.3848,2.0677,2.3848,1.3970,1,1.721,2.034
826,DATA_20260429_190000.BIN,2.0677,1.9819,1.1501,1.9819,1.3310,1,1.450,1.535
827,DATA_20260429_190000.BIN,1.1501,2.8616,1.0699,2.8616,1.4080,1,0.203,1.080
828,DATA_20260429_190000.BIN,1.0699,2.9357,0.2796,2.9357,1.5510,1,0.978,1.003
829,DATA_20260429_190000.BIN,0.8025,1.6978,1.3863,1.6978,1.4190,1,1.755,1.772
830,DATA_20260429_190000.BIN,1.3863,2.8244,1.9351,2.8244,1.4630,1,0.873,1.551
831,DATA_20260429_190000.BIN,1.9351,2.2356,1.6202,2.2356,2.8270,1,1.926,1.926
832,DATA_20260429_190000.BIN,1.6202,2.7338,1.7130,2.7338,1.4630,1,0.864,0.902
833,DATA_20260429_190000.BIN,1.7130,2.1766,0.8832,2.1766,1.3310,1,0.801,0.900
834,DATA_20260429_190000.BIN,0.8832,2.4380,0.6794,2.4380,1.4410,1,1.112,1.121
835,DATA_20260429_190000.BIN,0.6794,2.0929,1.3755,2.0929,1.6610,1,1.139,1.432
836,DATA_20260429_190000.BIN,1.3755,3.2311,0.5304,3.2311,3.0140,1,0.587,1.093
837,DATA_20260429_190000.BIN,0.5304,2.0617,0.7438,2.0617,1.4300,1,1.583,2.217
838,DATA_20260429_190000.BIN,0.7438,2.4197,1.1812,2.4197,1.5510,1,0.545,1.451
839,DATA_20260429_190000.BIN,1.1812,2.5856,0.7678,2.5856,1.3860,1,0.356,0.406
840,DATA_20260429_190000.BIN,0.5342,2.6617,0.6776,2.6617,4.9610,1,0.460,0.873
841,DATA_20260429_190000.BIN,1.8580,2.5240,1.4099,2.5240,1.3420,1,1.247,1.595
842,DATA_20260429_190000.BIN,1.4099,2.6745,0.8868,2.6745,1.3860,1,0.636,0.669
843,DATA_20260429_190000.BIN,0.8868,2.5124,0.4485,2.5124,2.8160,1,1.382,1.887
844,DATA_20260429_190000.BIN,0.4485,2.0629,0.2781,2.0629,1.4520,1,0.855,1.232
845,DATA_20260429_190000.BIN,0.2781,2.0413,0.9262,2.0413,1.5730,1,1.093,1.899
846,DATA_20260429_190000.BIN,0.9262,2.9117,1.3918,2.9117,2.5300,1,0.118,1.714
847,DATA_20260429_190000.BIN,0.7507,1.8955,0.3741,1.8955,1.3420,1,1.823,2.776
848,DATA_20260429_190000.BIN,0.3741,2.1393,0.7646,2.1393,1.0670,1,0.843,1.789
849,DATA_20260429_190000.BIN,0.1929,2.7707,0.8874,2.7707,1.0560,1,0.791,3.536
850,DATA_20260429_190000.BIN,0.8874,3.3111,1.0789,3.3111,1.6280,1,0.449,0.458
851,DATA_20260429_190000.BIN,0.3388,4.1621,0.5339,4.1621,7.0400,1,0.210,0.997
852,DATA_20260429_190000.BIN,0.5339,8.7276,0.9804,8.7276,8.1290,1,1.141,2.220
853,DATA_20260429_190000.BIN,0.9804,5.6375,4.2183,5.6375,3.1680,1,1.035,4.147
854,DATA_20260429_190000.BIN,4.2183,6.6891,5.2491,6.6891,1.4190,1,4.820,4.911
855,DATA_20260429_190000.BIN,5.2491,8.7446,5.3060,8.7446,1.5290,1,5.663,5.677
856,DATA_20260429_190000.BIN,5.3060,7.4415,1.8341,7.4415,1.3420,1,5.390,5.396
857,DATA_20260429_190000.BIN,1.8341,4.3701,2.8281,4.3701,1.1880,1,0.864,0.870
858,DATA_20260429_190000.BIN,0.5959,3.5168,1.2671,3.5168,1.2760,1,1.941,2.095
859,DATA_20260429_190000.BIN,1.2671,3.9779,1.6704,3.9779,1.3750,1,1.567,1.625
860,DATA_20260429_190000.BIN,1.6704,5.3905,1.0550,5.3905,2.3980,1,1.498,1.549
861,DATA_20260429_190000.BIN,1.1773,2.7245,1.4794,2.7245,1.3090,1,2.080,2.165
862,DATA_20260429_190000.BIN,1.4794,2.7824,1.5988,2.7824,1.4080,1,2.508,2.553
863,DATA_20260429_190000.BIN,1.5988,3.5147,0.4031,3.5147,1.3420,1,2.286,2.287
864,DATA_20260429_190000.BIN,0.4031,2.6965,0.8918,2.6965,1.4080,1,0.857,0.865
865,DATA_20260429_190000.BIN,0.8918,2.4315,1.3323,2.4315,1.4190,1,1.227,1.670
866,DATA_20260429_190000.BIN,1.3323,1.8847,1.1434,1.8847,1.4300,1,1.267,1.943
867,DATA_20260429_190000.BIN,1.1434,3.1936,0.6006,3.1936,1.5510,1,0.626,0.995
868,DATA_20260429_190000.BIN,0.6006,3.1884,0.9432,3.1884,1.5070,1,0.147,1.207
869,DATA_20260429_190000.BIN,0.9432,3.0079,2.1665,3.0079,1.4740,1,0.614,1.591
870,DATA_20260429_190000.BIN,2.1665,2.4990,1.4256,2.4990,1.3310,1,2.176,2.249
871,DATA_20260429_190000.BIN,1.4256,3.5935,1.0814,3.5935,1.4300,1,0.811,1.162
872,DATA_20260429_190000.BIN,1.0814,2.4349,1.1505,2.4349,1.4740,1,0.346,1.277
873,DATA_20260429_190000.BIN,1.1505,2.6429,1.9244,2.6429,1.4740,1,0.559,1.623
874,DATA_20260429_190000.BIN,1.9244,3.4901,1.4336,3.4901,3.0910,1,1.286,1.295
875,DATA_20260429_190000.BIN,1.4336,2.7980,0.9540,2.7980,1.4190,1,0.504,1.948
876,DATA_20260429_190000.BIN,1.8809,3.2591,1.1921,3.2591,1.5070,1,1.025,1.200
877,DATA_20260429_190000.BIN,1.1921,3.6104,1.8554,3.6104,1.5180,1,0.291,0.665
878,DATA_20260429_190000.BIN,1.8554,3.2234,1.0818,3.2234,1.6060,1,0.880,1.239
879,DATA_20260429_190000.BIN,1.0818,3.2370,1.4678,3.2370,1.5840,1,0.089,0.281
880,DATA_20260429_190000.BIN,2.0254,3.4141,1.2287,3.4141,3.0910,1,1.041,1.153
881,DATA_20260429_190000.BIN,1.2287,3.1041,2.4230,3.1041,3.0360,1,0.490,0.945
882,DATA_20260429_190000.BIN,2.4230,3.0820,1.4443,3.0820,1.6390,1,1.475,1.842
883,DATA_20260429_190000.BIN,1.4443,2.9615,1.3656,2.9615,1.5730,1,1.871,2.196
884,DATA_20260429_190000.BIN,1.8580,3.9539,1.6690,3.9539,1.5620,1,0.710,0.720
885,DATA_20260429_190000.BIN,1.4670,3.2383,1.5793,3.2383,4.2570,1,0.238,0.497
886,DATA_20260429_190000.BIN,1.2927,4.1344,1.2728,4.1344,3.0580,1,0.820,2.899
887,DATA_20260429_190000.BIN,1.2728,3.9868,1.6361,3.9868,2.8710,1,0.164,3.470
888,DATA_20260429_190000.BIN,3.0297,3.8727,1.8342,3.8727,1.2320,1,2.924,2.962
889,DATA_20260429_190000.BIN,1.8342,3.3081,1.1648,3.3081,1.2430,1,1.248,1.572
890,DATA_20260429_190000.BIN,1.1648,2.8857,1.3688,2.8857,1.2870,1,0.406,1.087
891,DATA_20260429_190000.BIN,1.3688,2.6821,1.2974,2.6821,1.3090,1,0.235,0.339
892,DATA_20260429_190000.BIN,1.2974,3.4358,1.5895,3.4358,2.2330,1,1.200,1.251
893,DATA_20260429_190000.BIN,1.5895,2.4625,1.4048,2.4625,2.6950,1,1.695,1.705
894,DATA_20260429_190000.BIN,1.4048,2.8504,2.1916,2.8504,1.3090,1,1.055,1.288
895,DATA_20260429_190000.BIN,2.1916,3.0643,1.1906,3.0643,1.3420,1,2.071,2.208
896,DATA_20260429_190000.BIN,1.1906,3.0100,1.5641,3.0100,1.2100,1,0.586,1.179
897,DATA_20260429_190000.BIN,1.5641,2.9786,1.1368,2.9786,1.3200,1,0.672,0.710
898,DATA_20260429_190000.BIN,1.1368,2.8321,0.5572,2.8321,1.2980,1,0.880,1.319
899,DATA_20260429_190000.BIN,0.5572,2.7293,0.8978,2.7293,1.3090,1,0.814,0.923
900,DATA_20260429_190000.BIN,0.2078,2.3980,0.7290,2.3980,1.3640,1,1.181,2.487
901,DATA_20260429_190000.BIN,0.7290,3.0721,1.1362,3.0721,1.3200,1,0.858,2.116
902,DATA_20260429_190000.BIN,1.1362,2.1616,1.6664,2.1616,1.4190,1,0.491,0.534
903,DATA_20260429_190000.BIN,1.3948,3.8348,1.2702,3.8348,1.3310,1,0.467,1.862
904,DATA_20260429_190000.BIN,1.2702,3.6045,1.7760,3.6045,1.2210,1,0.202,0.326
905,DATA_20260429_190000.BIN,1.7760,4.2601,1.1230,4.2601,4.7960,1,1.579,1.582
906,DATA_20260429_190000.BIN,1.1230,2.3215,1.5636,2.3215,2.5190,1,0.119,0.532
907,DATA_20260429_190000.BIN,1.8883,3.2541,0.8800,3.2541,1.3750,1,1.641,1.642
908,DATA_20260429_190000.BIN,0.8800,2.7661,0.5377,2.7661,1.3090,1,0.677,0.776
909,DATA_20260429_190000.BIN,0.5377,2.9886,1.0080,2.9886,1.3640,1,0.637,0.739
910,DATA_20260429_190000.BIN,1.0080,2.8531,0.9392,2.8531,1.3530,1,0.164,0.410
911,DATA_20260429_190000.BIN,0.9392,3.4015,0.5207,3.4015,1.3970,1,1.301,1.632
912,DATA_20260429_190000.BIN,0.5207,2.9191,0.5242,2.9191,1.3970,1,0.664,1.574
913,DATA_20260429_190000.BIN,0.5242,2.4486,0.8707,2.4486,1.3530,1,0.970,2.269
914,DATA_20260429_190000.BIN,2.0496,3.3149,1.3222,3.3149,1.1880,1,1.747,1.920
915,DATA_20260429_190000.BIN,1.3222,3.3188,1.3999,3.3188,1.1770,1,0.491,0.908
916,DATA_20260429_190000.BIN,1.3999,3.5944,2.4541,3.5944,1.2540,1,1.802,1.808
917,DATA_20260429_190000.BIN,2.4541,4.3324,0.7294,4.3324,1.5400,1,2.781,2.828
918,DATA_20260429_190000.BIN,1.0192,3.0014,1.0958,3.0014,1.2650,1,0.188,0.415
919,DATA_20260429_190000.BIN,1.0958,2.8655,0.2762,2.8655,1.1990,1,0.257,1.158
